시간,현재가,체결수량,매도1호가,매수1호가,최종매도매수,총잔량매도,총잔량매수
[09:00:01-262608],10752,15,10752,10751,2,9056,13628
[09:00:01-272302],10752,100,10752,10751,2,8956,13628
[09:00:09-066987],10751,10,10752,10751,1,9539,13668
[09:00:09-745557],10751,55,10752,10751,1,9549,13613
[09:00:10-143275],10751,6,10752,10751,1,9549,13607
[09:00:10-145370],10751,6,10752,10751,1,9549,13601
[09:00:14-694586],10751,2,10752,10751,1,10059,13855
[09:00:17-991845],10751,25,10752,10751,1,10079,13729
[09:00:17-994413],10751,25,10752,10751,1,10079,13704
[09:00:17-994853],10751,25,10752,10751,1,10079,13679
[09:00:17-998958],10751,50,10752,10751,1,10079,13629
[09:00:17-999804],10751,100,10752,10751,1,10079,13529
[09:00:18-001817],10751,9,10752,10750,1,10079,13520
[09:00:18-013067],10751,1,,,2,,
[09:00:18-476237],10751,4,10752,10751,1,10068,13436
[09:00:18-478435],10751,4,10752,10751,1,10068,13432
[09:00:18-644843],10751,20,10752,10751,1,10068,13515
[09:00:19-913264],10751,40,10752,10751,1,10101,13538
[09:00:21-496390],10751,10,10752,10751,1,10101,13578
[09:00:22-373330],10751,11,10752,10751,1,10101,13589
[09:00:29-379072],10751,6,10752,10751,1,10124,13246
[09:00:29-383767],10751,6,10752,10751,1,10124,13237
[09:00:31-426485],10751,2,10752,10751,1,10126,13245
[09:00:36-382651],10751,1,10752,10751,1,10126,13244
[09:00:36-387846],10751,1,10752,10751,1,10126,13243
[09:00:39-080919],10751,30,10752,10751,1,10221,13213
[09:00:39-663851],10751,50,10752,10751,1,10221,13163
[09:00:40-130187],10751,6,10752,10751,1,10221,13107
[09:00:42-918300],10751,6,10752,10751,1,10221,13101
[09:00:43-655140],10751,10,10752,10751,1,10221,13091
[09:00:44-009753],10751,88,10751,10750,1,10233,13002
[09:00:45-339876],10750,2,10751,10750,1,10241,13123
[09:01:06-564204],10751,150,10751,10750,2,10687,13422
[09:01:06-566274],10751,12,10751,10750,2,10675,13422
[09:01:06-566577],10751,50,10751,10750,2,10625,13422
[09:01:06-567719],10751,45,,,2,,
[09:01:07-965667],10751,45,10752,10751,1,10583,13478
[09:01:14-793273],10751,3,10752,10751,1,10328,13916
[09:01:15-990046],10751,6,10752,10751,1,11228,13755
[09:01:16-088678],10751,6,10752,10751,1,11228,13749
[09:01:16-094482],10751,6,10752,10751,1,11228,13742
[09:01:16-102535],10751,6,10752,10751,1,11228,13733
[09:01:29-788695],10751,2,10752,10751,1,9334,13886
[09:01:33-107657],10751,6,10752,10751,1,9384,13830
[09:01:33-126276],10751,50,10752,10751,1,9450,13780
[09:01:33-130077],10751,6,10752,10751,1,9467,13771
[09:01:34-957849],10751,1,10752,10751,1,9467,14000
[09:01:46-791984],10751,60,10752,10751,1,9487,14024
[09:01:49-340935],10751,3,10752,10751,1,9484,14078
[09:01:52-111118],10751,45,10752,10751,1,9486,14043
[09:01:59-347136],10751,300,10752,10751,1,9125,13828
[09:02:07-591298],10751,2,10752,10751,1,9751,13989
[09:02:20-538544],10752,1,10752,10751,2,9620,14482
[09:02:31-988766],10751,2,10752,10751,1,9365,14399
[09:02:32-455770],10752,80,10752,10751,2,9285,14417
[09:02:32-460605],10752,149,10752,10751,2,9136,14417
[09:02:32-466364],10752,17,10752,10751,2,9119,14417
[09:02:32-478848],10752,7,10752,10751,2,9112,14417
[09:02:32-481258],10752,100,10752,10751,2,9012,14417
[09:02:32-482668],10752,56,10752,10751,2,8956,14417
[09:02:32-483700],10752,3,10752,10751,2,8953,14417
[09:02:32-486278],10752,155,10752,10751,2,8798,14417
[09:02:32-496334],10752,2,10752,10751,2,8796,14417
[09:02:32-502671],10752,12,10752,10751,2,8784,14417
[09:02:32-503789],10752,1,10752,10751,2,8783,14417
[09:02:32-506359],10752,1,10752,10751,2,8782,14417
[09:02:32-507626],10752,50,10752,10751,2,8732,14417
[09:02:32-508822],10752,1,10752,10751,2,8731,14417
[09:02:32-510087],10752,10,10752,10751,2,8721,14417
[09:02:32-511509],10752,25,10752,10751,2,8696,14417
[09:02:32-512601],10752,66,10752,10751,2,8630,14417
[09:02:32-514137],10752,50,10752,10751,2,8580,14417
[09:02:32-516428],10752,3,,,2,,
[09:02:42-443669],10753,7,10753,10752,2,8616,15002
[09:02:43-920603],10753,300,10753,10752,2,8076,15069
[09:02:43-924779],10753,12,10753,10752,2,8061,15069
[09:02:43-925903],10753,5,10753,10752,2,8056,15069
[09:02:44-776699],10753,20,10753,10752,2,8036,15149
[09:02:54-635676],10753,150,10753,10752,2,8162,15052
[09:02:54-656939],10753,1,10753,10752,2,8158,15052
[09:02:56-614679],10753,1,10753,10752,2,8157,15052
[09:02:56-617055],10753,1,10753,10752,2,8156,15052
[09:02:56-618299],10753,1,10753,10752,2,8155,15052
[09:02:56-619583],10753,1,10753,10752,2,8154,15052
[09:03:33-873207],10752,2,10753,10752,1,9135,15460
[09:03:40-955103],10753,2,10753,10752,2,9178,15460
[09:03:40-955503],10753,4,10753,10752,2,9174,15460
[09:03:40-957094],10753,5,10753,10752,2,9169,15460
[09:03:57-217917],10752,1,10753,10752,1,9168,15459
[09:04:14-481763],10752,1,10753,10752,1,9321,15310
[09:04:38-815145],10752,2,10753,10752,1,9546,15367
[09:04:38-977232],10752,100,10753,10752,1,9546,15267
[09:05:00-107082],10752,1,10753,10752,1,9546,15296
[09:05:24-442276],10752,2,10753,10752,1,9557,15310
[09:05:32-845542],10753,50,10753,10752,2,9519,15314
[09:05:41-723388],10752,1,10753,10752,1,9440,15318
[09:06:10-494152],10753,200,10753,10752,2,9284,15430
[09:06:10-495689],10753,25,10753,10752,2,9259,15430
[09:06:10-496201],10753,11,10753,10752,2,9248,15430
[09:06:10-499697],10753,6,10753,10752,2,9242,15430
[09:06:10-501986],10753,2,10753,10752,2,9240,15430
[09:06:10-503326],10753,75,10753,10752,2,9165,15430
[09:06:11-164798],10753,200,10753,10752,2,8965,15415
[09:06:11-174563],10753,50,10754,10752,2,8915,15439
[09:06:11-181595],10753,5,10754,10752,1,8998,15339
[09:06:11-252698],10753,5,10754,10752,1,8998,15334
[09:06:11-277780],10753,3,10754,10753,2,8998,15576
[09:06:18-172246],10754,4,10754,10753,2,8994,15723
[09:06:23-362890],10753,1,10754,10753,1,8910,15772
[09:06:47-785052],10753,10,10754,10753,1,9964,16083
[09:06:49-507611],10753,1,10754,10753,1,9964,15846
[09:06:58-858948],10753,100,10754,10753,1,10144,15713
[09:07:04-441438],10753,1,10754,10753,1,10193,15733
[09:07:06-447924],10753,5,10754,10753,1,10194,15728
[09:07:07-874519],10753,50,10754,10753,1,10144,15678
[09:07:08-836974],10753,150,10754,10753,1,10145,15528
[09:07:08-926186],10753,13,10754,10753,1,10145,15515
[09:07:08-926701],10753,100,10754,10753,1,10145,15415
[09:07:08-969924],10753,1,10754,10753,1,10145,15414
[09:07:08-970342],10753,2,10754,10753,1,10145,15412
[09:07:08-971565],10753,1,10754,10753,1,10145,15411
[09:07:08-973126],10753,7,10754,10753,1,10145,15404
[09:07:08-974592],10753,12,10754,10753,1,10145,15392
[09:07:08-977403],10753,1,10754,10753,1,10145,15391
[09:07:08-978903],10753,1,10754,10753,1,10145,15390
[09:07:08-980608],10753,12,10754,10753,1,10145,15378
[09:07:08-981707],10753,25,10754,10753,1,10145,15353
[09:07:09-011686],10753,142,10754,10753,1,10145,15211
[09:07:09-015557],10753,1,10754,10753,1,10145,15210
[09:07:09-052308],10753,2,10754,10753,1,10145,15208
[09:07:09-053581],10753,6,10754,10753,1,10145,15202
[09:07:09-054507],10753,1,10754,10753,1,10145,15201
[09:07:09-056311],10753,5,10754,10753,1,10145,15196
[09:07:09-057341],10753,68,,,1,,
[09:07:09-082081],10753,2,10753,10752,2,10240,15219
[09:07:09-099964],10753,1,10754,10753,2,10145,15227
[09:07:09-122564],10753,4,,,1,,
[09:07:09-630543],10753,8,10753,10752,2,10159,15219
[09:07:09-633983],10753,10,10753,10752,2,10149,15219
[09:07:28-801806],10752,1,10753,10752,1,10375,15185
[09:07:49-129445],10752,1,10753,10752,1,10638,15108
[09:07:58-390362],10753,100,10753,10752,2,10658,15099
[09:07:59-683309],10753,300,10753,10752,2,10358,15134
[09:07:59-685783],10753,25,10753,10752,2,10333,15134
[09:07:59-690384],10753,84,,,2,,
[09:07:59-721388],10753,3,,,1,,
[09:07:59-756494],10753,1,10754,10752,1,10249,15200
[09:08:01-581838],10753,2,10754,10753,1,10249,15201
[09:08:02-617172],10753,1,10753,10752,2,10248,15200
[09:08:02-619011],10753,1,10754,10752,2,10247,15200
[09:08:02-622961],10753,1,10754,10752,1,10247,15200
[09:08:15-445383],10753,31,10754,10752,2,10347,15201
[09:08:54-012958],10753,40,10754,10753,1,11310,15857
[09:08:55-534585],10753,31,10754,10753,1,11310,15695
[09:09:02-817586],10753,10,10754,10753,1,11310,15687
[09:09:04-942550],10753,10,10754,10753,1,11310,15677
[09:09:11-053675],10753,1,10754,10753,1,11319,15678
[09:09:18-480164],10753,100,10754,10753,1,11330,15591
[09:09:21-587573],10753,5,10754,10753,1,11330,15586
[09:09:26-297387],10753,5,10754,10753,1,11330,15581
[09:09:31-458565],10753,1,10754,10753,1,11329,15581
[09:09:33-753007],10753,150,10754,10753,1,11329,15432
[09:09:33-757191],10753,10,10754,10752,1,11329,15422
[09:09:34-059571],10753,1,10754,10752,1,11329,15422
[09:09:35-441623],10753,25,10754,10753,1,11329,15447
[09:09:35-443960],10753,25,10754,10752,1,11329,15422
[09:09:51-478934],10753,61,10753,10752,2,11461,15482
[09:09:59-848029],10752,1,10753,10752,1,11498,15459
[09:10:02-110199],10753,16,10753,10752,2,11483,15659
[09:10:02-153032],10753,7,10753,10752,2,11476,15659
[09:10:11-195867],10753,2,10753,10752,2,11474,15659
[09:10:23-694982],10753,100,10753,10752,2,11375,15759
[09:10:23-697344],10753,47,10754,10752,2,11328,15759
[09:11:11-657822],10753,4,10754,10753,1,11335,16203
[09:11:19-711260],10754,2,10754,10753,2,11338,16284
[09:11:21-373189],10753,1,10754,10753,1,11338,16284
[09:11:34-858409],10753,50,10754,10753,1,11338,16239
[09:11:36-646376],10753,1,10754,10753,1,11337,16238
[09:11:40-692465],10753,60,10754,10753,1,11359,16178
[09:11:40-694191],10753,13,10754,10753,1,11359,16165
[09:11:40-699338],10753,3,10754,10753,1,11359,16162
[09:11:40-700548],10753,100,10754,10753,1,11359,16062
[09:11:40-710533],10753,1,10754,10753,1,11359,16061
[09:11:40-711792],10753,1,10754,10753,1,11359,16060
[09:11:40-714323],10753,179,10754,10753,1,11359,15881
[09:11:40-715573],10753,6,10754,10753,1,11359,15875
[09:11:40-716823],10753,2,10754,10753,1,11359,15873
[09:11:40-728261],10753,1,10754,10753,1,11359,15872
[09:11:40-730561],10753,7,10754,10753,1,11359,15865
[09:11:40-731819],10753,6,10753,10752,1,11375,15859
[09:11:41-182889],10753,2,10754,10753,2,11359,15862
[09:11:43-316691],10753,32,10753,10752,1,11377,15830
[09:11:43-318366],10753,13,10753,10752,2,11364,15830
[09:11:43-320045],10753,5,10754,10752,2,11359,15830
[09:11:57-982343],10752,1,10753,10752,1,11433,15913
[09:12:03-342892],10753,108,10754,10753,2,11326,16035
[09:12:06-870894],10753,1,10754,10753,1,11326,16194
[09:12:07-992378],10753,104,10754,10752,1,11326,16090
[09:12:08-696823],10753,12,10753,10752,2,11434,16090
[09:12:20-986233],10753,40,10753,10752,2,11409,16146
[09:12:30-112679],10753,10,10753,10752,2,11400,16146
[09:13:04-759145],10752,1,10753,10752,1,11485,16128
[09:13:20-598772],10753,31,10753,10752,2,11505,16088
[09:13:26-026244],10752,1,10753,10752,1,11498,16087
[09:13:46-352797],10752,1,10753,10752,1,11658,16097
[09:14:06-696306],10752,1,10753,10752,1,11662,16096
[09:14:32-110885],10752,1,10753,10752,1,11762,16145
[09:14:36-812965],10752,18,10753,10752,1,11762,16127
[09:14:38-391108],10752,1,10753,10752,1,11762,16126
[09:14:47-351445],10752,1,10753,10752,1,11761,16076
[09:15:31-447372],10752,1,10753,10752,1,11712,16134
[09:15:49-686465],10752,1,10753,10752,1,11717,16134
[09:15:50-536240],10752,6,10753,10752,1,11717,16128
[09:16:16-113228],10752,1,10753,10752,1,11918,16078
[09:16:21-158057],10752,2,10753,10752,1,11918,16085
[09:16:38-404379],10752,1,10753,10752,1,11873,15999
[09:16:52-607794],10752,1,10753,10752,1,11872,16000
[09:17:39-032966],10752,1,10753,10752,1,11823,16009
[09:17:39-089207],10753,1,10753,10752,2,11822,16009
[09:17:39-739619],10753,2,10753,10752,2,11820,16009
[09:17:41-790653],10753,121,10753,10752,2,11599,16010
[09:17:42-177858],10753,10,10753,10752,2,11589,16009
[09:17:42-545904],10753,40,10753,10752,2,11550,16009
[09:17:43-127511],10753,1,10753,10752,2,11549,16009
[09:17:43-167833],10753,10,10753,10752,2,11539,16009
[09:17:45-107141],10753,10,10753,10752,2,11574,16009
[09:18:02-328728],10752,1,10753,10752,1,11786,16121
[09:18:08-941048],10753,10,10753,10752,2,11777,16121
[09:18:16-434340],10753,50,10753,10752,2,11724,16122
[09:18:20-655858],10752,1,10753,10752,1,11726,16121
[09:18:21-256445],10753,10,10753,10752,2,11717,16122
[09:18:31-395058],10753,2,10753,10752,2,11785,16122
[09:18:40-909133],10752,1,10753,10752,1,11784,16121
[09:19:01-663839],10753,1,10753,10752,2,11786,16074
[09:19:02-182585],10752,1,10753,10752,1,11785,16173
[09:19:42-717829],10752,1,10753,10752,1,11877,16058
[09:20:13-159585],10752,1,10753,10752,1,11928,16057
[09:20:28-391401],10752,1,10753,10752,1,12177,15962
[09:20:51-738196],10752,1,10753,10752,1,12177,15942
[09:20:55-524809],10753,71,10753,10752,2,12106,15942
[09:21:23-916363],10752,5,10753,10752,1,12185,15992
[09:21:26-284557],10752,1,10753,10752,1,12184,15991
[09:21:37-678949],10752,100,10753,10752,1,12224,15896
[09:21:39-132912],10752,200,10753,10752,1,12224,15651
[09:21:40-758278],10752,1,10753,10752,1,12246,15650
[09:21:49-584700],10752,155,10753,10752,1,12246,15496
[09:21:49-586361],10752,45,10753,10752,1,12252,15451
[09:21:49-587396],10752,11,10753,10752,1,12252,15440
[09:21:49-588895],10752,50,10753,10752,1,12252,15390
[09:21:49-593595],10752,3,10753,10752,1,12252,15387
[09:21:49-594898],10752,25,10753,10752,1,12252,15362
[09:21:49-597440],10752,10,10753,10752,1,12252,15352
[09:21:49-599822],10752,6,10753,10752,1,12252,15346
[09:21:49-604910],10752,2,10753,10752,1,12252,15344
[09:21:49-606075],10752,1,10753,10752,1,12252,15343
[09:21:49-607313],10752,20,10753,10752,1,12252,15323
[09:21:49-619870],10752,2,10753,10752,1,12252,15321
[09:21:49-626143],10752,1,10753,10752,1,12252,15320
[09:21:49-629920],10752,4,10753,10752,1,12252,15316
[09:21:49-631141],10752,5,10753,10752,1,12252,15311
[09:21:49-643603],10752,6,10753,10752,1,12252,15305
[09:21:49-644909],10752,2,10753,10752,1,12252,15303
[09:21:49-648684],10752,6,10753,10752,1,12252,15297
[09:21:50-644714],10752,78,10753,10752,1,12252,15219
[09:21:50-645063],10752,1,10753,10752,1,12251,15218
[09:21:50-646451],10752,6,10753,10752,1,12251,15212
[09:21:50-647891],10752,2,10753,10752,1,12251,15210
[09:21:52-832383],10752,1,10753,10752,1,12251,15264
[09:21:52-906369],10752,100,10753,10752,1,12251,15164
[09:21:52-920306],10752,90,10753,10751,1,12251,15071
[09:21:56-942179],10752,53,10753,10752,2,12205,15130
[09:22:07-236677],10752,5,10753,10752,1,12305,15688
[09:22:19-804784],10752,10,10753,10752,1,12321,15758
[09:22:25-172357],10752,50,10753,10752,1,12321,15708
[09:22:54-486667],10752,50,10753,10752,1,12322,15607
[09:23:14-381833],10752,1,10753,10752,1,12348,15556
[09:23:22-311778],10752,25,10753,10752,1,12349,15531
[09:23:22-321804],10752,3,10753,10752,1,12349,15528
[09:23:23-152999],10752,70,10753,10752,1,12349,15458
[09:23:23-154454],10752,2,10753,10752,1,12349,15456
[09:23:23-157011],10752,50,10753,10752,1,12349,15406
[09:23:23-160842],10752,6,10753,10752,1,12349,15400
[09:23:23-162080],10752,5,10753,10752,1,12349,15395
[09:23:23-163264],10752,6,10753,10752,1,12349,15389
[09:23:26-894719],10752,100,10753,10752,1,12349,15289
[09:23:27-642184],10752,50,10753,10752,1,12349,15239
[09:23:28-037004],10752,50,10753,10752,1,12349,15189
[09:23:29-612215],10752,54,10752,10751,1,12325,15135
[09:23:31-217168],10752,1,10752,10751,2,12349,15135
[09:23:34-756697],10751,1,10752,10751,1,12418,15136
[09:23:36-545446],10752,88,10752,10751,2,12330,15136
[09:23:36-551961],10752,1,10752,10751,2,12329,15136
[09:23:36-552679],10752,52,,,2,,
[09:23:40-350587],10752,5,10753,10752,1,12333,15135
[09:23:40-354450],10752,12,10753,10751,1,12333,15122
[09:23:43-662124],10752,10,10753,10752,1,12333,15198
[09:23:45-052500],10752,10,10753,10752,1,12338,15211
[09:24:29-239864],10752,10,10753,10752,1,12630,15417
[09:24:39-679372],10752,1,10753,10752,1,12627,15417
[09:24:45-719981],10752,236,10752,10751,1,12693,15181
[09:24:47-326845],10752,71,10753,10751,2,12628,15183
[09:24:47-535233],10752,50,10753,10751,2,12628,15183
[09:24:54-381791],10752,56,10752,10751,2,11752,15183
[09:24:54-774876],10752,100,10752,10751,2,11662,15183
[09:24:54-776973],10752,35,10753,10751,2,11627,15183
[09:25:40-755007],10752,1,10753,10752,1,10727,15216
[09:26:21-117427],10752,1,10753,10752,1,10730,15254
[09:26:49-666298],10752,1,10753,10752,1,10730,15429
[09:27:05-851695],10752,1,10753,10752,1,10547,15481
[09:27:34-609658],10752,20,10753,10752,1,10549,15511
[09:27:46-982575],10753,1,10753,10752,2,10519,15511
[09:27:47-525348],10752,1,10753,10752,1,10518,15510
[09:27:51-058484],10753,1,10753,10752,2,10518,15510
[09:28:13-898806],10752,1,10753,10752,1,10512,15559
[09:28:29-120802],10752,1,10753,10752,1,10511,15559
[09:29:09-707263],10752,1,10753,10752,1,10512,15515
[09:29:14-489089],10753,3,10753,10752,2,10510,15515
[09:29:15-030248],10752,14,10753,10752,1,10510,15478
[09:29:36-089472],10752,1,10753,10752,1,10509,15480
[09:29:45-114614],10753,100,10753,10752,2,10419,15530
[09:29:54-352305],10752,1,10753,10752,1,10418,15646
[09:30:25-715494],10753,1,10753,10752,2,10422,15609
[09:30:35-948473],10752,1,10753,10752,1,10676,15607
[09:30:41-884464],10752,50,10753,10752,1,10677,15557
[09:30:42-439046],10752,45,10753,10752,1,10677,15472
[09:30:52-144248],10753,1,10753,10752,2,10545,15428
[09:31:01-307988],10752,1,10753,10752,1,10544,15337
[09:31:01-500487],10752,5,10753,10752,1,10544,15332
[09:31:22-601898],10752,1,10753,10752,1,10744,15321
[09:31:22-990130],10752,5,10753,10752,1,10744,15316
[09:31:37-865523],10753,1,10753,10752,2,10743,15590
[09:32:04-188098],10752,1,10753,10752,1,10632,15735
[09:32:26-515960],10752,1,10753,10752,1,10581,15565
[09:33:06-599858],10752,1,10753,10752,1,10693,15638
[09:33:20-331615],10752,6,10753,10752,1,10798,15528
[09:33:24-863040],10752,1,10753,10752,1,10797,15477
[09:33:25-804225],10752,75,10753,10752,1,10797,15402
[09:33:32-660874],10752,82,10753,10752,1,10797,15318
[09:33:35-333349],10752,150,10753,10752,1,10797,15168
[09:33:35-335062],10752,3,10753,10752,1,10797,15165
[09:33:35-335560],10752,144,10753,10752,1,10797,15021
[09:33:35-336868],10752,6,10753,10752,1,10797,15015
[09:33:35-340337],10752,6,10753,10752,1,10797,15009
[09:33:35-341030],10752,1,10753,10752,1,10797,15008
[09:33:35-342487],10752,3,10753,10752,1,10797,15005
[09:33:35-343935],10752,6,10753,10752,1,10797,14999
[09:33:35-354280],10752,46,10753,10752,1,10797,14953
[09:33:35-356246],10752,5,10753,10751,1,10797,14948
[09:33:35-795585],10752,1,10752,10751,2,10801,14948
[09:33:36-099216],10752,1,10752,10751,2,10798,14957
[09:33:50-277828],10751,1,10752,10751,1,11066,14928
[09:34:10-109684],10751,5,10752,10751,1,11287,14826
[09:34:24-534943],10751,100,10752,10751,1,11282,14636
[09:34:31-603083],10751,50,10752,10751,1,11446,14444
[09:34:32-140692],10751,1,10752,10751,1,11445,14443
[09:34:52-418527],10751,1,10752,10751,1,11574,14565
[09:34:58-280217],10751,1,10752,10751,1,11574,14564
[09:39:57-692091],10751,5,10752,10751,1,11400,14976
[09:40:07-272482],10751,200,10752,10751,1,11506,14776
[09:40:10-834518],10751,300,10752,10751,1,11506,14473
[09:40:10-837439],10751,68,10752,10751,1,11506,14405
[09:40:12-028610],10751,78,10752,10751,1,11506,14317
[09:40:12-740378],10751,20,10752,10751,1,11506,14297
[09:40:12-961817],10751,400,10752,10751,1,11506,13897
[09:40:12-963300],10751,1,10752,10751,1,11506,13896
[09:40:12-964655],10751,3,10752,10751,1,11532,13893
[09:40:12-967528],10751,52,10752,10751,1,11532,13841
[09:40:12-968949],10751,6,10752,10751,1,11532,13835
[09:40:12-972686],10751,65,,,1,,
[09:40:17-324028],10750,1,10751,10750,1,11753,13911
[09:40:35-632415],10751,3,10751,10750,2,11612,13954
[09:40:53-729317],10751,25,10751,10750,2,11692,13933
[09:41:26-022888],10751,3,10751,10750,2,11735,14146
[09:41:26-023242],10751,3,10751,10750,2,11732,14146
[09:41:26-025424],10751,3,10751,10750,2,11729,14146
[09:41:26-027952],10751,3,10751,10750,2,11726,14146
[09:41:26-044792],10751,3,10751,10750,2,11723,14146
[09:41:26-045423],10751,3,10751,10750,2,11720,14146
[09:41:30-032057],10751,5,10751,10750,2,11815,14146
[09:41:33-430112],10751,140,10751,10750,2,11675,14146
[09:41:35-125202],10751,4,10751,10750,2,11671,14146
[09:41:43-418221],10751,120,10751,10750,2,11509,14246
[09:41:43-421649],10751,13,10751,10750,2,11496,14246
[09:41:43-423237],10751,14,10751,10750,2,11482,14246
[09:41:43-424491],10751,3,10751,10750,2,11479,14246
[09:41:43-425903],10751,95,10751,10750,2,11384,14246
[09:41:43-428840],10751,20,10752,10751,2,11364,14258
[09:42:08-244481],10751,82,10752,10751,1,11855,14276
[09:42:16-825780],10751,50,10752,10751,1,11855,14211
[09:42:36-879042],10751,30,10752,10751,1,11655,14161
[09:42:37-323694],10751,2,10751,10750,1,11656,14155
[09:42:37-325443],10751,1,10752,10750,2,11655,14155
[09:42:40-641597],10751,7,10752,10750,2,11655,14151
[09:42:40-653930],10751,2,10752,10751,2,11655,14153
[09:42:49-420050],10751,50,10752,10751,1,11655,14105
[09:43:07-391507],10752,1,10752,10751,2,11154,14339
[09:46:22-952077],10751,17,10752,10751,1,10941,14941
[09:46:39-638102],10751,150,10752,10751,1,11015,14591
[09:46:39-639852],10751,10,10752,10751,1,11015,14581
[09:46:39-640870],10751,3,10752,10751,1,11015,14578
[09:46:40-356670],10751,77,10751,10750,1,11078,14501
[09:46:44-182941],10750,5,10751,10750,1,11075,14396
[09:46:53-503265],10751,1,10751,10750,2,11075,14356
[09:46:56-862472],10750,5,10751,10750,1,11202,14351
[09:47:40-872106],10751,56,10751,10750,2,11310,14441
[09:47:46-347003],10751,6,10751,10750,2,11276,14441
[09:47:46-350418],10751,6,10751,10750,2,11270,14441
[09:47:46-352079],10751,25,10751,10750,2,11245,14441
[09:47:46-359067],10751,12,10751,10750,2,11233,14441
[09:47:46-364008],10751,36,10751,10750,2,11197,14441
[09:47:46-367851],10751,100,10751,10750,2,11097,14441
[09:47:46-375336],10751,33,10751,10750,2,11064,14441
[09:47:46-376540],10751,27,10751,10750,2,11037,14441
[09:47:46-379102],10751,14,10751,10750,2,11023,14441
[09:47:46-380274],10751,23,10751,10750,2,11000,14441
[09:47:46-381538],10751,6,10751,10750,2,10994,14441
[09:47:46-382835],10751,30,10752,10751,2,10964,14458
[09:48:00-081370],10751,83,10752,10751,1,10980,14570
[09:48:00-085340],10751,100,10752,10751,1,10980,14470
[09:48:00-087110],10751,29,10752,10750,1,10980,14441
[09:48:00-102687],10751,1,10751,10750,2,10981,14441
[09:48:03-925749],10751,5,10752,10750,2,10980,14441
[09:48:06-417261],10751,5,10752,10750,2,10980,14441
[09:48:12-438709],10751,66,10752,10750,2,10986,14491
[09:48:12-524959],10751,1,10752,10750,1,10977,14491
[09:48:22-651141],10750,10,10751,10750,1,11036,14481
[09:48:30-496222],10750,21,10751,10750,1,11136,14460
[09:48:34-478392],10750,55,10751,10750,1,11164,14405
[09:48:42-175782],10750,26,10751,10750,1,11393,14337
[09:48:49-155710],10750,20,10751,10750,1,11372,14237
[09:49:07-165663],10750,5,10751,10750,1,11398,14222
[09:49:35-272271],10750,150,10751,10750,1,11398,14078
[09:49:57-787039],10750,488,10750,10749,1,11403,13668
[09:49:57-800908],10750,12,10750,10749,2,11409,13749
[09:49:57-807203],10750,1,10750,10749,2,11408,13749
[09:49:57-812046],10750,1,,,2,,
[09:50:01-843346],10750,12,10750,10749,1,11415,13749
[09:50:01-845675],10750,8,10751,10749,2,11407,13749
[09:50:04-142769],10750,1,10750,10749,1,11506,13749
[09:50:05-301157],10750,10,10750,10749,2,11496,13749
[09:50:13-209105],10750,100,10750,10749,2,11400,13709
[09:51:27-444703],10750,1,10750,10749,2,12357,13242
[09:52:09-893849],10750,100,10750,10749,2,12061,13197
[09:52:10-463360],10750,200,10750,10749,2,11861,13217
[09:52:10-464893],10750,6,10750,10749,2,11855,13217
[09:52:10-465426],10750,1,10750,10749,2,11854,13217
[09:52:10-467481],10750,105,,,2,,
[09:52:10-486221],10750,9,10751,10750,1,11749,13270
[09:52:10-488544],10750,3,,,1,,
[09:52:21-483829],10751,1,10751,10750,2,11753,13614
[09:53:12-088168],10750,225,,,1,,
[09:53:12-089058],10749,275,10751,10749,1,11735,13205
[09:53:12-094712],10750,1,10750,10749,2,11737,13205
[09:53:12-785983],10750,10,10750,10749,2,11759,13205
[09:53:17-922400],10750,71,10750,10749,2,11791,13205
[09:53:18-276871],10750,1,10751,10749,2,11734,13205
[09:53:18-543494],10750,5,10750,10749,1,11735,13205
[09:53:19-081091],10750,5,10751,10750,2,11734,13210
[09:53:19-083483],10750,5,10751,10749,1,11734,13205
[09:54:13-371956],10750,137,10750,10749,2,11680,14357
[09:54:13-373722],10750,12,10750,10749,2,11668,14357
[09:54:13-374699],10750,1,10750,10749,2,11667,14357
[09:54:13-377228],10750,1,10750,10749,2,11666,14357
[09:54:13-379690],10750,10,10750,10749,2,11656,14357
[09:54:13-381041],10750,1,10750,10749,2,11655,14357
[09:54:13-382480],10750,17,10750,10749,2,11638,14357
[09:54:13-383926],10750,6,10750,10749,2,11632,14357
[09:54:13-385332],10750,1,10750,10749,2,11631,14357
[09:54:13-386811],10750,3,10750,10749,2,11628,14357
[09:54:13-388192],10750,1,10750,10749,2,11627,14357
[09:54:13-389536],10750,11,,,2,,
[09:54:13-399731],10750,1,10751,10749,1,11616,14357
[09:56:41-376047],10751,1,10751,10750,2,11750,14600
[09:56:42-625157],10751,100,10751,10750,2,11650,14600
[09:56:50-326132],10751,100,10751,10750,2,11548,14690
[09:56:51-636594],10751,50,10751,10750,2,11598,14690
[09:57:13-424694],10751,276,10752,10751,2,11499,14454
[09:57:13-436226],10751,10,10752,10751,1,11499,14447
[09:57:13-438799],10751,1,10752,10751,1,11499,14446
[09:57:13-450112],10751,2,10752,10751,1,11499,14444
[09:57:14-117913],10751,25,10752,10751,1,11499,14419
[09:57:14-121327],10751,6,10752,10751,1,11499,14413
[09:57:14-123921],10751,10,10752,10751,1,11499,14403
[09:57:14-126453],10751,11,10752,10751,1,11499,14392
[09:57:14-127584],10751,1,10752,10751,1,11499,14391
[09:57:14-128924],10751,4,10752,10751,1,11499,14387
[09:57:14-131352],10751,11,10752,10751,1,11499,14376
[09:57:14-132844],10751,6,10752,10751,1,11499,14370
[09:57:14-133887],10751,8,10752,10751,1,11499,14362
[09:57:14-263132],10751,2,10752,10751,1,11499,14358
[09:57:14-266591],10751,12,10752,10751,1,11499,14346
[09:57:14-267812],10751,1,10752,10751,1,11499,14345
[09:57:14-271572],10751,1,10752,10751,1,11499,14344
[09:57:14-273170],10751,3,10752,10751,1,11499,14341
[09:57:14-275265],10751,16,10752,10751,1,11499,14325
[09:57:14-276570],10751,65,10752,10751,1,11499,14260
[09:57:14-277819],10751,6,10752,10751,1,11499,14254
[09:57:14-279082],10751,1,10752,10751,1,11499,14253
[09:57:14-280517],10751,1,10752,10751,1,11499,14252
[09:57:14-281790],10751,24,,,1,,
[09:57:14-465727],10751,1,10752,10751,2,11499,14252
[09:57:14-467695],10751,1,10752,10750,1,11499,14251
[09:57:27-514344],10751,100,10751,10750,2,11563,14269
[10:00:14-128261],10751,13,10751,10750,2,11646,14870
[10:00:14-128581],10751,1,10751,10750,2,11645,14870
[10:00:14-131387],10751,3,10751,10750,2,11642,14870
[10:00:14-132848],10751,1,10751,10750,2,11641,14870
[10:00:14-134257],10751,6,10751,10750,2,11635,14870
[10:00:14-135473],10751,86,,,2,,
[10:00:15-671823],10751,107,10751,10750,1,11697,14870
[10:00:21-784206],10751,148,10752,10751,2,11549,14892
[10:00:50-468344],10751,43,10752,10751,1,11434,15320
[10:00:53-463257],10752,1,10752,10751,2,11433,15320
[10:03:39-240177],10752,50,10752,10751,2,11198,16007
[10:03:58-457752],10752,200,10752,10751,2,11046,16004
[10:04:00-215141],10752,2,10752,10751,2,11036,16006
[10:04:00-218624],10752,20,10752,10751,2,11016,16006
[10:04:00-220069],10752,42,10752,10751,2,10974,16006
[10:04:00-221052],10752,73,10752,10751,2,10901,16006
[10:04:00-222576],10752,7,10752,10751,2,10894,16006
[10:04:00-224181],10752,20,10752,10751,2,10874,16006
[10:04:00-225445],10752,50,10752,10751,2,10824,16006
[10:04:00-226681],10752,42,10752,10751,2,10782,16006
[10:04:00-228571],10752,12,10752,10751,2,10770,16006
[10:04:00-229700],10752,14,10752,10751,2,10756,16006
[10:04:00-231131],10752,11,10752,10751,2,10745,16006
[10:04:00-232535],10752,25,10752,10751,2,10720,16006
[10:04:00-234049],10752,57,10753,10752,2,10663,16010
[10:04:02-143050],10752,15,10752,10751,1,10594,16002
[10:04:02-641293],10752,3,10752,10751,2,10632,16002
[10:04:03-643996],10752,32,10753,10752,2,10600,15970
[10:04:08-010967],10752,20,10753,10752,1,10529,16051
[10:04:08-015979],10752,49,10753,10751,1,10529,16002
[10:04:10-575523],10752,10,10752,10751,2,10573,16002
[10:04:34-829471],10752,9,10752,10751,2,10739,16032
[10:04:40-895799],10752,160,10753,10752,2,10709,16193
[10:04:43-780052],10753,1,10753,10752,2,10708,16233
[10:11:03-982433],10752,6,10753,10752,1,11126,17056
[10:11:03-984144],10752,9,10753,10752,1,11126,17047
[10:11:03-984430],10752,3,10753,10752,1,11126,17044
[10:11:04-048991],10752,147,10753,10752,1,11126,16897
[10:11:04-057766],10752,27,10753,10752,1,11126,16870
[10:11:04-060346],10752,132,10753,10752,1,11126,16738
[10:11:04-061485],10752,51,10753,10752,1,11126,16687
[10:11:04-062696],10752,134,10753,10752,1,11126,16553
[10:11:04-066579],10752,50,10753,10752,1,11126,16503
[10:11:04-067745],10752,1,10753,10752,1,11126,16502
[10:11:04-070353],10752,105,10753,10752,1,11126,16397
[10:11:04-071502],10752,3,10753,10752,1,11126,16394
[10:11:04-072988],10752,9,10753,10752,1,11126,16385
[10:11:04-074042],10752,1,10753,10752,1,11126,16384
[10:11:04-075266],10752,2,10753,10752,1,11126,16382
[10:11:04-076485],10752,12,10753,10752,1,11126,16370
[10:11:04-078049],10752,6,10753,10752,1,11126,16364
[10:11:04-083820],10752,30,,,1,,
[10:11:23-764535],10752,100,10752,10751,2,11333,16462
[10:11:40-401433],10752,100,10752,10751,2,11298,16462
[10:11:40-403331],10752,25,10752,10751,2,11273,16462
[10:11:40-404780],10752,9,10752,10751,2,11264,16462
[10:11:40-406106],10752,13,10752,10751,2,11251,16462
[10:11:40-412094],10752,100,10752,10751,2,11151,16462
[10:11:40-419692],10752,2,10752,10751,2,11149,16462
[10:11:40-422150],10752,12,10752,10751,2,11137,16462
[10:11:40-423385],10752,6,10752,10751,2,11131,16462
[10:11:40-424621],10752,12,10752,10751,2,11119,16462
[10:11:40-425900],10752,1,10752,10751,2,11118,16462
[10:11:40-428229],10752,54,,,2,,
[10:11:48-093251],10752,10,10753,10752,1,11039,16472
[10:11:51-139309],10753,1,10753,10752,2,11038,16460
[10:12:06-114287],10752,67,10753,10751,1,11808,16367
[10:15:43-522489],10752,12,10752,10751,2,11031,17076
[10:15:43-527681],10752,6,10752,10751,2,11025,17076
[10:15:43-531248],10752,25,10752,10751,2,11000,17076
[10:15:43-536938],10752,67,10752,10751,2,10933,17076
[10:15:43-538164],10752,2,10752,10751,2,10931,17076
[10:15:43-540692],10752,2,10752,10751,2,10929,17076
[10:15:43-544354],10752,5,10752,10751,2,10924,17076
[10:15:43-545568],10752,60,10753,10752,2,10864,17126
[10:15:46-855958],10752,1,10753,10752,1,10864,17133
[10:16:00-411419],10752,83,10753,10752,1,10884,16982
[10:16:00-413194],10752,2,10753,10752,1,10884,16980
[10:16:00-414144],10752,4,10753,10752,1,10884,16976
[10:16:24-815021],10753,1,10753,10752,2,10875,17037
[10:18:19-384296],10752,1,10753,10752,1,10919,17315
[10:18:22-983041],10752,3,10753,10752,1,10919,17312
[10:18:25-658158],10752,3,10753,10752,1,10919,17309
[10:18:29-385938],10752,83,10753,10752,1,10919,17226
[10:18:31-463137],10752,1,10753,10752,1,10919,17225
[10:18:32-278411],10752,3,10753,10752,1,10919,17222
[10:18:49-279676],10753,1,10753,10752,2,10920,17279
[10:19:37-656429],10753,2,10753,10752,2,10836,17489
[10:19:40-592977],10753,1,10753,10752,2,10835,17489
[10:19:59-203118],10752,10,10753,10752,1,10855,17344
[10:19:59-205551],10752,7,10753,10752,1,10855,17337
[10:19:59-208270],10752,3,10753,10752,1,10879,17334
[10:20:00-966413],10752,40,10753,10752,1,10897,17294
[10:20:08-962063],10752,96,10753,10752,1,10925,17198
[10:20:08-963233],10752,6,10753,10752,1,10925,17192
[10:20:10-896500],10752,150,10753,10752,1,10925,17042
[10:20:10-898118],10752,2,10753,10752,1,10925,17040
[10:20:10-898394],10752,2,10753,10752,1,10925,17038
[10:20:10-899819],10752,25,10753,10752,1,10925,17013
[10:20:10-901753],10752,6,10753,10752,1,10925,17007
[10:20:10-902511],10752,5,,,1,,
[10:20:15-943500],10752,9,10752,10751,2,10967,17002
[10:20:15-945311],10752,6,10752,10751,2,10961,17002
[10:20:15-948310],10752,6,10752,10751,2,10955,17002
[10:20:15-950651],10752,25,10752,10751,2,10930,17002
[10:20:15-952515],10752,5,10753,10751,2,10925,17002
[10:20:17-604513],10752,1,10753,10751,2,10925,17002
[10:20:17-957829],10752,5,10753,10751,1,10925,17002
[10:20:20-973108],10752,1,10753,10751,2,10925,17002
[10:20:21-625420],10752,18,10752,10751,1,10929,17002
[10:20:22-169617],10752,32,10753,10751,2,10897,17002
[10:20:23-631112],10752,2,10753,10751,1,10897,17002
[10:21:19-195338],10752,100,10752,10751,2,10899,17008
[10:21:20-075251],10752,40,10752,10751,2,10859,17018
[10:21:22-886425],10752,2,10752,10751,2,10857,17068
[10:21:22-888477],10752,5,10752,10751,2,10852,17068
[10:21:23-500819],10752,28,10753,10752,2,10824,17100
[10:21:27-098794],10752,33,10752,10751,1,10889,17067
[10:21:29-424105],10752,2,10752,10751,2,10889,17071
[10:21:29-770394],10752,1,10752,10751,2,10886,17071
[10:21:30-644971],10752,2,10752,10751,2,10884,17071
[10:21:40-763696],10752,2,10752,10751,2,10884,17071
[10:21:55-042370],10751,9,10752,10751,1,10883,17062
[10:22:03-956023],10752,1,10752,10751,2,10879,17158
[10:22:03-965017],10752,1,10752,10751,2,10878,17158
[10:22:14-502212],10752,58,10753,10752,2,10821,17201
[10:22:21-938175],10752,43,,,1,,
[10:22:22-305661],10752,2,10753,10752,2,10821,17203
[10:22:22-308256],10752,3,,,1,,
[10:22:35-220431],10752,1,10753,10752,1,10821,17255
[10:22:48-158694],10752,83,10753,10752,1,10821,17254
[10:23:10-178359],10752,2,10753,10752,1,10821,17312
[10:23:10-180687],10752,98,,,1,,
[10:23:14-232678],10752,3,10753,10752,2,10821,17307
[10:24:12-746936],10753,1,10753,10752,2,10820,17413
[10:24:12-900362],10753,1,10753,10752,2,10819,17413
[10:24:13-071110],10753,1,10753,10752,2,10818,17413
[10:24:24-944961],10752,2,10753,10752,1,10818,17421
[10:24:42-359245],10752,2,10753,10752,1,10753,17452
[10:25:58-361210],10752,5,10753,10752,1,10754,17005
[10:26:15-999945],10752,50,10753,10752,1,10754,16955
[10:26:19-885493],10752,100,10753,10752,1,10754,16852
[10:26:19-887354],10752,11,10753,10752,1,10754,16841
[10:26:19-888745],10752,6,10753,10752,1,10754,16835
[10:26:19-890082],10752,2,10753,10752,1,10754,16833
[10:26:19-891469],10752,6,10753,10752,1,10754,16827
[10:26:20-569333],10752,47,10752,10751,1,11007,16780
[10:30:48-431784],10751,1,10752,10751,1,11410,16747
[10:31:36-138683],10752,1,10752,10751,2,11329,16758
[10:31:43-444993],10752,2,10752,10751,2,11327,16758
[10:33:04-783634],10751,200,10752,10751,1,11401,16053
[10:33:12-758708],10751,200,10752,10751,1,11674,15853
[10:33:13-707405],10751,3,10752,10751,1,11674,15850
[10:33:15-770777],10751,300,10752,10751,1,11674,15550
[10:33:15-772982],10751,2,10752,10751,1,11674,15548
[10:33:15-774389],10751,1,10752,10751,1,11674,15547
[10:33:15-775817],10751,89,10751,10750,1,11677,15458
[10:33:21-168418],10751,100,10751,10750,2,11759,15486
[10:33:24-589674],10751,10,10751,10750,2,11799,15486
[10:33:42-880508],10751,50,10751,10750,2,11499,15537
[10:33:42-882235],10751,25,10752,10750,2,11474,15537
[10:33:57-808419],10751,1,10752,10750,1,11524,15537
[10:33:58-050679],10751,1,10752,10750,1,11524,15537
[10:34:08-869094],10751,5,10751,10750,2,11584,15542
[10:36:28-352819],10751,40,10751,10750,2,12015,15394
[10:36:31-100095],10751,50,10751,10750,2,11965,15394
[10:36:31-102029],10751,15,10751,10750,2,11950,15394
[10:36:31-102411],10751,1,10751,10750,2,11949,15394
[10:36:31-103934],10751,75,10751,10750,2,11874,15394
[10:36:31-106865],10751,3,10751,10750,2,11871,15394
[10:36:31-108112],10751,4,10751,10750,2,11867,15394
[10:37:35-855806],10751,10,10751,10750,2,12288,15316
[10:37:42-184872],10751,1,10751,10750,2,12287,15316
[10:37:56-728863],10751,1,10751,10750,2,12236,15366
[10:38:21-270696],10751,1,10751,10750,2,12236,15370
[10:38:38-484282],10751,1,10751,10750,2,12234,15370
[10:38:49-838289],10751,1,10751,10750,2,12233,15370
[10:39:03-039053],10751,1,10751,10750,2,12242,15370
[10:39:08-156363],10750,2,10751,10750,1,12242,15368
[10:39:47-142961],10751,1,10751,10750,2,12241,15320
[10:40:15-745839],10751,2,10751,10750,2,12167,15365
[10:40:25-719316],10751,1,10751,10750,2,12166,15393
[10:40:37-223925],10751,1,10751,10750,2,12165,15393
[10:40:49-230626],10751,1,10751,10750,2,12164,15393
[10:41:24-435529],10750,200,10751,10750,1,11967,15115
[10:41:53-889388],10751,1,10751,10750,2,12060,15409
[10:41:58-969685],10750,150,10751,10750,1,12060,15259
[10:42:40-070060],10751,1,10751,10750,2,11962,15415
[10:42:58-452249],10751,1,10751,10750,2,11917,15160
[10:43:04-686696],10751,1,10751,10750,2,12040,15160
[10:43:10-201926],10751,1,10751,10750,2,12039,15160
[10:43:39-305331],10750,1,10751,10750,1,12139,15414
[10:45:12-480450],10751,1,10751,10750,2,12041,15687
[10:45:29-875301],10751,1,10751,10750,2,12040,15687
[10:45:40-868389],10751,1,10751,10750,2,12089,15687
[10:46:19-031132],10750,1,10751,10750,1,11929,15338
[10:46:33-303684],10750,200,10751,10750,1,11934,15138
[10:46:42-721324],10750,50,10751,10750,1,11934,14964
[10:46:53-900881],10751,1,10751,10750,2,11933,14983
[10:47:19-686334],10750,1,10751,10750,1,11840,15525
[10:47:23-592499],10751,6,10751,10750,2,11834,15532
[10:47:23-594048],10751,6,10751,10750,2,11828,15532
[10:47:23-600001],10751,18,10751,10750,2,11810,15532
[10:47:23-605009],10751,67,10751,10750,2,11743,15532
[10:47:23-610106],10751,1,10751,10750,2,11742,15532
[10:47:23-611330],10751,82,10751,10750,2,11660,15532
[10:47:23-616276],10751,6,10751,10750,2,11654,15532
[10:47:23-620071],10751,3,10751,10750,2,11651,15532
[10:47:23-621280],10751,5,10751,10750,2,11646,15532
[10:47:23-623867],10751,4,10751,10750,2,11642,15532
[10:47:23-624974],10751,2,10751,10750,2,11640,15532
[10:47:23-626243],10751,114,10751,10750,2,11526,15532
[10:47:23-627555],10751,3,10751,10750,2,11523,15532
[10:47:23-628960],10751,1,10751,10750,2,11522,15532
[10:47:23-629969],10751,5,10751,10750,2,11517,15532
[10:47:23-632511],10751,3,10751,10750,2,11514,15532
[10:47:23-633917],10751,3,10751,10750,2,11511,15532
[10:47:23-639958],10751,3,10751,10750,2,11508,15532
[10:47:23-642483],10751,6,10751,10750,2,11502,15532
[10:47:23-643628],10751,70,,,2,,
[10:47:30-525700],10752,1,10752,10751,2,11431,16036
[10:47:32-807158],10751,50,10752,10751,1,11431,16244
[10:48:56-584805],10752,1,10752,10751,2,11420,15925
[10:53:44-422037],10751,100,10752,10751,1,12653,15974
[10:53:53-478842],10751,1,10752,10751,1,11453,15976
[10:53:57-041133],10752,1,10752,10751,2,11505,15966
[10:54:01-527405],10751,1,10752,10751,1,11505,16165
[10:56:39-005967],10752,1,10752,10751,2,11641,16402
[10:59:37-079922],10752,2,10752,10751,2,11651,16117
[10:59:37-084453],10752,2,10752,10751,2,11649,16117
[10:59:37-085295],10752,2,10752,10751,2,11647,16117
[10:59:37-090841],10752,2,10752,10751,2,11645,16117
[10:59:37-102558],10752,2,10752,10751,2,11643,16117
[11:00:14-613163],10752,1,10752,10751,2,11662,16117
[11:00:26-123338],10752,100,10752,10751,2,11562,16119
[11:01:13-848961],10752,100,10752,10751,2,11462,16019
[11:01:22-294228],10751,1,10752,10751,1,11462,16018
[11:03:05-265349],10752,1,10752,10751,2,11497,16138
[11:03:10-431434],10752,100,10752,10751,2,11397,16208
[11:03:12-170432],10752,50,10752,10751,2,11347,16208
[11:03:13-206001],10752,1,10752,10751,2,11343,16208
[11:09:26-665691],10752,5,10752,10751,2,11640,16050
[11:14:25-316675],10751,50,10752,10751,1,11803,16136
[11:14:29-949102],10751,100,10752,10751,1,11803,16036
[11:14:29-951144],10751,48,10752,10751,1,11829,15988
[11:14:29-953403],10751,11,10752,10751,1,11829,15977
[11:14:29-954758],10751,48,10752,10751,1,11829,15929
[11:14:29-956304],10751,4,10752,10751,1,11829,15925
[11:14:29-957684],10751,100,10752,10751,1,11829,15825
[11:14:29-959165],10751,3,10752,10751,1,11829,15822
[11:14:29-960490],10751,48,10752,10751,1,11829,15774
[11:14:29-961876],10751,2,10752,10751,1,11829,15772
[11:14:29-963356],10751,8,10752,10751,1,11829,15764
[11:14:29-964808],10751,8,10752,10751,1,11829,15756
[11:14:29-966204],10751,25,10752,10751,1,11829,15731
[11:14:29-967695],10751,1,10752,10751,1,11829,15730
[11:14:29-969133],10751,165,10752,10751,1,11829,15565
[11:14:29-970832],10751,48,10752,10751,1,11829,15517
[11:14:29-972159],10751,1,10752,10751,1,11829,15516
[11:14:29-973567],10751,10,10752,10751,1,11829,15506
[11:14:29-974870],10751,6,10752,10751,1,11829,15500
[11:14:29-977433],10751,2,10751,10750,1,11830,15498
[11:14:30-333000],10751,5,10751,10750,2,11848,15498
[11:15:49-762868],10751,15,10751,10750,2,12308,15846
[11:15:53-756781],10751,74,10751,10750,2,12231,15846
[11:16:16-369921],10751,350,10751,10750,2,11881,15846
[11:16:16-371488],10751,48,10751,10750,2,11833,15846
[11:16:16-372706],10751,16,10751,10750,2,11817,15846
[11:16:16-375137],10751,3,10752,10750,2,11814,15846
[11:16:25-176905],10752,1,10752,10751,2,11813,15871
[11:16:57-103525],10751,10,10752,10751,1,12036,16016
[11:16:57-134433],10751,6,10752,10751,1,12036,16010
[11:16:57-135694],10751,3,10752,10751,1,12036,16007
[11:16:57-139418],10751,45,10752,10751,1,12036,15962
[11:16:57-141947],10751,10,10752,10751,1,12036,15952
[11:16:57-143230],10751,6,10752,10751,1,12036,15946
[11:16:57-144423],10751,3,10752,10751,1,12036,15943
[11:16:57-145614],10751,3,10752,10751,1,12036,15940
[11:16:57-146946],10751,13,10752,10751,1,12036,15927
[11:16:57-148001],10751,76,,,1,,
[11:17:02-594413],10751,1,10752,10751,2,12036,15855
[11:17:08-289033],10751,50,10751,10750,1,11987,15851
[11:17:08-991804],10751,60,10751,10750,2,11987,15851
[11:17:08-993457],10751,7,10751,10750,2,11980,15851
[11:17:08-994789],10751,2,10751,10750,2,11978,15851
[11:17:11-034358],10751,38,10752,10751,2,11940,15858
[11:17:12-615528],10751,12,10751,10750,1,12028,15846
[11:17:18-825005],10751,38,10752,10751,2,11990,15853
[11:17:19-084002],10751,5,10752,10751,1,11990,15848
[11:17:19-085509],10751,1,10752,10751,1,11990,15847
[11:17:19-087863],10751,1,10752,10751,1,11990,15846
[11:17:19-091620],10751,2,10752,10751,1,11990,15844
[11:17:19-314012],10751,3,10752,10750,1,11990,15841
[11:18:52-422939],10751,10,10751,10750,2,11944,15932
[11:20:09-597911],10751,25,10751,10750,2,11958,16082
[11:20:09-601691],10751,3,10751,10750,2,11955,16082
[11:20:09-602803],10751,6,10751,10750,2,11949,16082
[11:20:09-604204],10751,3,10751,10750,2,11946,16082
[11:20:09-605262],10751,6,10751,10750,2,11940,16082
[11:20:09-607854],10751,7,10751,10750,2,11933,16082
[11:20:09-609190],10751,12,10751,10750,2,11921,16082
[11:20:09-611408],10751,43,,,2,,
[11:20:12-142889],10751,3,10752,10751,2,11928,16084
[11:20:12-144624],10751,2,10751,10750,1,11930,16082
[11:20:13-318536],10751,3,10752,10751,2,11928,16084
[11:20:14-310524],10751,2,10751,10750,1,11976,16082
[11:21:45-965046],10750,8,10751,10750,1,12172,15751
[11:25:30-853971],10750,200,10751,10750,1,12181,15283
[11:25:34-482601],10751,1,10751,10750,2,12205,15258
[11:26:04-588519],10751,100,10751,10750,2,12244,15258
[11:27:51-753531],10751,2,10751,10750,2,12190,15322
[11:32:20-953403],10751,100,10751,10750,2,12192,15826
[11:32:26-954736],10751,50,10751,10750,2,12118,15753
[11:32:42-078660],10751,50,10751,10750,2,12068,15643
[11:32:50-720482],10751,1,10751,10750,2,12067,15643
[11:32:53-935336],10751,200,10751,10750,2,11867,15643
[11:32:53-936940],10751,3,10751,10750,2,11864,15643
[11:32:53-938356],10751,8,10751,10750,2,11856,15643
[11:32:53-942037],10751,3,10751,10750,2,11853,15643
[11:32:53-943347],10751,2,10751,10750,2,11851,15643
[11:32:53-945593],10751,124,,,2,,
[11:32:53-962089],10751,3,10751,10750,1,11730,15643
[11:32:53-968094],10751,3,,,1,,
[11:32:54-319417],10751,5,10751,10750,1,11728,15643
[11:32:55-334701],10751,61,10751,10750,1,11916,15642
[11:34:04-179656],10751,100,10751,10750,2,11855,15721
[11:34:18-161075],10751,50,10751,10750,2,11805,15740
[11:34:29-228538],10751,80,10752,10751,2,11727,15819
[11:34:29-235064],10751,21,10752,10751,1,11727,15798
[11:34:29-237613],10751,4,10752,10751,1,11727,15794
[11:34:29-243912],10751,2,10752,10751,1,11727,15792
[11:34:29-246472],10751,43,10752,10751,1,11727,15749
[11:34:29-247679],10751,25,10752,10751,1,11727,15724
[11:34:29-248940],10751,12,10752,10751,1,11727,15712
[11:34:29-257633],10751,1,10752,10751,1,11727,15714
[11:34:29-258968],10751,10,10752,10751,1,11727,15704
[11:34:29-261354],10751,2,10752,10750,1,11727,15699
[11:34:29-623129],10751,8,,,1,,
[11:34:29-627413],10751,3,10752,10750,2,11727,15699
[11:35:54-326580],10751,100,10751,10750,2,11913,15706
[11:36:02-146264],10751,100,10751,10750,2,11813,15706
[11:36:02-146899],10751,15,10751,10750,2,11798,15706
[11:36:02-148133],10751,6,10751,10750,2,11792,15706
[11:36:02-149677],10751,3,10751,10750,2,11789,15706
[11:36:02-150918],10751,6,10751,10750,2,11783,15706
[11:36:02-152161],10751,56,,,2,,
[11:36:12-921917],10752,1,10752,10751,2,11726,16109
[11:38:08-763846],10751,7,10752,10751,1,11689,15886
[11:38:08-768837],10751,6,10752,10751,1,11689,15880
[11:38:08-772613],10751,56,10752,10751,1,11689,15824
[11:38:08-775090],10751,9,10752,10751,1,11689,15815
[11:38:08-776361],10751,6,10752,10751,1,11689,15809
[11:38:08-777568],10751,12,10752,10751,1,11689,15797
[11:38:08-778938],10751,6,10752,10751,1,11689,15791
[11:39:24-539524],10752,1,10752,10751,2,11703,15794
[11:47:21-834654],10751,100,10752,10751,1,11678,15877
[11:47:30-508168],10752,1,10752,10751,2,11677,15874
[11:51:03-283729],10752,1,10752,10751,2,11608,15927
[11:57:21-308535],10752,144,10752,10751,2,10766,15985
[11:57:21-490699],10752,60,10752,10751,2,10692,15954
[12:00:55-037852],10752,4,10752,10751,2,10787,16079
[12:09:52-677042],10752,1,10752,10751,2,10788,16082
[12:19:12-500805],10752,250,10752,10751,2,10540,16261
[12:19:12-510148],10752,100,10752,10751,2,10440,16261
[12:19:12-523910],10752,39,10752,10751,2,10401,16261
[12:19:12-533928],10752,2,10752,10751,2,10399,16261
[12:19:12-536472],10752,3,10752,10751,2,10396,16261
[12:19:12-540136],10752,2,10752,10751,2,10394,16261
[12:19:12-541369],10752,3,10752,10751,2,10391,16261
[12:19:12-542688],10752,2,10752,10751,2,10389,16261
[12:19:12-543879],10752,7,10752,10751,2,10382,16261
[12:19:12-545154],10752,20,10752,10751,2,10362,16261
[12:19:12-546244],10752,36,,,2,,
[12:19:27-979693],10753,1,10753,10752,2,10297,16293
[12:19:40-973692],10752,4,10753,10752,1,10297,16294
[12:21:26-343455],10752,3,10753,10752,1,10744,16291
[12:23:05-290556],10752,3,10753,10752,1,10726,16265
[12:23:05-291952],10752,3,10753,10752,1,10726,16262
[12:23:05-293090],10752,10,10753,10752,1,10726,16252
[12:23:05-294286],10752,6,10753,10752,1,10726,16246
[12:23:05-295527],10752,3,10753,10752,1,10726,16243
[12:23:05-296586],10752,31,,,1,,
[12:23:05-306775],10752,3,10752,10751,2,10729,16212
[12:23:34-245412],10752,35,10752,10751,2,10729,16262
[12:31:36-683667],10752,2,10752,10751,2,10840,16451
[12:31:55-910329],10752,8,10752,10751,2,10831,16452
[12:31:55-912365],10752,9,10753,10751,2,10822,16452
[12:31:56-749079],10752,1,10753,10752,1,10822,16451
[12:31:58-038555],10752,1,10752,10751,1,10821,16450
[12:32:02-173138],10752,50,10752,10751,2,10771,16450
[12:32:51-326700],10752,2,10752,10751,2,10786,16501
[12:33:06-978805],10752,1,10752,10751,2,10785,16501
[12:33:31-008966],10752,1,10752,10751,2,10794,16326
[12:39:51-405483],10752,50,10752,10751,2,10786,16359
[12:39:59-938094],10752,1,10752,10751,2,10785,16359
[12:40:10-007861],10752,57,10753,10752,2,10730,16402
[12:40:10-010832],10752,6,10753,10752,1,10730,16399
[12:40:10-012025],10752,2,10753,10752,1,10730,16397
[12:40:10-348316],10752,1,10753,10752,1,10730,16396
[12:40:10-350486],10752,1,10753,10752,1,10730,16395
[12:52:55-159159],10753,25,10753,10752,2,10720,16624
[12:52:55-160445],10753,10,10753,10752,2,10710,16624
[12:52:55-172967],10753,15,10753,10752,2,10695,16624
[12:52:55-182957],10753,1,10753,10752,2,10691,16624
[12:52:55-199251],10753,31,10753,10752,2,10660,16624
[12:52:55-275378],10753,5,10753,10752,2,10655,16624
[12:54:13-215550],10753,300,10753,10752,2,10295,16923
[12:54:13-217333],10753,7,10753,10752,2,10288,16923
[12:54:13-223787],10753,22,10753,10752,2,10266,16923
[12:54:13-227856],10753,6,10753,10752,2,10260,16923
[12:54:13-241945],10753,5,10753,10752,2,10255,16923
[12:54:14-571119],10753,30,10753,10752,2,10225,16923
[12:54:15-560714],10753,200,10753,10752,2,10025,16923
[12:54:15-562767],10753,7,10753,10752,2,10018,16923
[12:54:15-566606],10753,1,10753,10752,2,10017,16923
[12:54:15-568132],10753,3,10753,10752,2,10014,16923
[12:54:15-569271],10753,93,,,2,,
[12:54:19-261781],10753,6,10754,10753,1,9825,16980
[12:54:19-264184],10753,6,10754,10753,1,9825,16971
[12:54:19-265411],10753,8,10754,10753,1,9825,16963
[12:54:19-267881],10753,48,,,1,,
[12:54:19-485365],10753,1,10754,10752,1,9841,16914
[12:59:44-420162],10753,50,10753,10752,2,11236,15785
[13:00:19-270449],10753,50,10753,10752,2,11155,15898
[13:00:19-274331],10753,6,10753,10752,2,11149,15913
[13:00:37-994842],10753,25,10753,10752,2,11124,15913
[13:00:37-995273],10753,12,10753,10752,2,11112,15913
[13:00:37-996872],10753,48,10753,10752,2,11064,15913
[13:00:37-998572],10753,6,10753,10752,2,11058,15913
[13:00:38-000607],10753,2,10753,10752,2,11056,15913
[13:00:38-748560],10753,4,10753,10752,2,11052,15909
[13:00:44-334398],10753,1,10753,10752,2,11051,16088
[13:01:21-545935],10753,50,10753,10752,2,11134,16101
[13:01:25-158138],10753,94,10754,10753,2,11040,16157
[13:01:32-580759],10754,1,10754,10753,2,11023,16168
[13:02:03-725076],10754,1,10754,10753,2,11681,16215
[13:03:25-489286],10753,100,10754,10753,1,11772,16124
[13:03:26-245886],10753,13,10754,10753,1,11772,16111
[13:03:26-247910],10753,10,10754,10753,1,11772,16101
[13:03:26-249440],10753,100,10754,10753,1,11772,16001
[13:03:26-251212],10753,5,10754,10753,1,11772,15996
[13:03:26-252074],10753,12,10754,10753,1,11772,15984
[13:03:26-253554],10753,1,10754,10753,1,11772,15983
[13:03:26-256015],10753,27,10753,10752,1,11790,15956
[13:03:30-518730],10753,1,10753,10752,2,11893,15966
[13:03:31-016401],10753,70,10753,10752,2,11821,15966
[13:03:31-018107],10753,1,10753,10752,2,11820,15966
[13:03:31-019442],10753,7,10753,10752,2,11813,15966
[13:03:31-021802],10753,22,,,2,,
[13:03:34-039880],10753,1,10754,10752,1,11772,15966
[13:03:39-031699],10753,2,10753,10752,1,11783,15971
[13:03:49-133975],10753,2,10753,10752,2,11846,15973
[13:04:03-247216],10753,1,10753,10752,2,11840,15974
[13:04:03-248513],10753,69,10754,10752,2,11771,15974
[13:04:29-078120],10753,71,10753,10752,1,11787,15985
[13:05:11-924800],10753,48,10753,10752,2,11852,15968
[13:05:11-926282],10753,3,10753,10752,2,11849,15968
[13:05:11-926713],10753,1,10753,10752,2,11848,15968
[13:05:11-928033],10753,31,10753,10752,2,11817,15968
[13:05:11-929411],10753,59,,,2,,
[13:05:39-656783],10754,1,10754,10753,2,12207,16014
[13:07:46-615031],10754,1,10754,10753,2,11766,16203
[13:07:55-812670],10753,1,10754,10753,1,11766,16203
[13:08:04-636337],10754,1,10754,10753,2,11765,16351
[13:09:03-947597],10753,68,10754,10753,1,12225,16086
[13:09:03-952874],10753,100,10754,10753,1,12225,15986
[13:09:03-955462],10753,4,10754,10753,1,12225,15982
[13:09:03-957706],10753,13,,,1,,
[13:09:12-463327],10753,3,10753,10752,2,13017,15972
[13:09:12-670691],10753,3,10753,10752,2,13014,15969
[13:09:21-635304],10753,100,10754,10752,2,12825,15969
[13:09:27-607365],10753,20,10754,10753,1,11825,15970
[13:09:52-140612],10754,1,10754,10753,2,11824,15982
[13:12:17-557709],10753,2,10754,10753,1,12187,16321
[13:13:24-681364],10754,30,10754,10753,2,11857,16675
[13:13:52-793711],10753,2,10754,10753,1,11857,17048
[13:13:57-019259],10753,2,10754,10753,1,11857,17046
[13:14:06-983083],10754,100,10754,10753,2,11757,17097
[13:16:35-349145],10753,10,10754,10753,1,12085,17421
[13:17:49-081377],10753,100,10754,10753,1,12590,17328
[13:18:05-343995],10753,10,10754,10753,1,12590,17316
[13:18:24-010293],10753,100,10754,10753,1,12540,17213
[13:18:29-204444],10753,10,10754,10753,1,12590,17153
[13:19:07-415209],10753,300,10754,10753,1,12614,16861
[13:19:07-416834],10753,12,10754,10753,1,12614,16849
[13:19:07-418198],10753,3,10754,10753,1,12614,16846
[13:19:07-421000],10753,100,10754,10753,1,12614,16746
[13:19:07-422406],10753,113,10753,10752,1,12641,16633
[13:19:07-515610],10753,5,10753,10752,2,12644,16674
[13:19:07-830222],10753,1,10754,10753,2,12643,16689
[13:19:07-832040],10753,2,10754,10753,1,12643,16687
[13:19:07-833359],10753,11,10754,10753,1,12643,16807
[13:19:07-848205],10753,100,10754,10753,1,12643,16707
[13:19:07-850425],10753,29,10754,10752,1,12643,16678
[13:19:08-791343],10753,68,10754,10753,2,12643,16696
[13:19:08-793977],10753,18,10754,10752,1,12643,16678
[13:19:51-650620],10753,5,10753,10752,2,12164,16672
[13:20:02-673050],10753,2,10753,10752,2,12162,16672
[13:20:02-675146],10753,33,10753,10752,2,12129,16672
[13:20:02-675490],10753,12,10753,10752,2,12117,16672
[13:20:02-676981],10753,4,10753,10752,2,12113,16672
[13:20:02-678183],10753,70,,,2,,
[13:20:09-584358],10753,10,10754,10753,1,11809,16773
[13:22:25-547523],10754,12,10754,10753,2,10763,17139
[13:23:32-781688],10754,200,10754,10753,2,10550,17040
[13:23:32-783208],10754,1,10754,10753,2,10549,17040
[13:23:32-784505],10754,12,10754,10753,2,10537,17040
[13:23:32-785969],10754,198,10754,10753,2,10339,17040
[13:23:32-787438],10754,56,10754,10753,2,10283,17040
[13:23:32-789099],10754,30,10754,10753,2,10253,17040
[13:23:32-790297],10754,3,10754,10753,2,10250,17040
[13:23:32-791782],10754,16,10754,10753,2,10234,17040
[13:23:32-793156],10754,6,10754,10753,2,10228,17040
[13:23:32-794560],10754,84,10754,10753,2,10144,17040
[13:23:32-796012],10754,6,10754,10753,2,10138,17040
[13:23:32-798938],10754,140,10754,10753,2,9998,17040
[13:23:32-800377],10754,3,10754,10753,2,9995,17040
[13:23:32-801770],10754,3,10754,10753,2,9992,17040
[13:23:32-803319],10754,3,10755,10754,2,9989,17041
[13:23:35-478073],10754,5,10755,10754,1,10090,17250
[13:23:49-668796],10754,100,10755,10754,1,10640,17268
[13:23:49-670996],10754,20,10755,10754,1,10640,17248
[13:23:49-671446],10754,5,,,1,,
[13:23:49-699895],10754,11,10755,10754,2,10640,17251
[13:23:49-701195],10754,6,10755,10754,1,10640,17245
[13:23:49-702319],10754,2,10754,10753,1,10644,17243
[13:23:49-709751],10754,2,10755,10754,2,10640,17244
[13:23:49-713613],10754,1,10754,10753,1,10641,17243
[13:23:50-066639],10754,3,10755,10754,2,10640,17145
[13:23:50-068475],10754,2,10754,10753,1,10641,17143
[13:23:50-381893],10753,50,10755,10753,1,10640,17093
[13:23:53-689289],10754,50,10754,10753,2,10610,17096
[13:23:54-111561],10754,5,10754,10753,2,10609,17096
[13:23:54-169018],10754,1,10754,10753,2,10608,17095
[13:23:54-303414],10754,48,10755,10754,2,10590,17097
[13:23:54-305088],10754,2,10754,10753,1,10592,17095
[13:23:55-746241],10754,50,10754,10753,2,10669,17100
[13:23:56-554788],10754,50,10754,10753,2,10619,17100
[13:23:57-893822],10754,3,10754,10753,2,10616,17160
[13:24:02-445728],10754,60,10754,10753,2,10597,17141
[13:24:02-447593],10754,3,10754,10753,2,10594,17141
[13:24:02-449080],10754,3,10754,10753,2,10591,17141
[13:24:02-450520],10754,2,10755,10754,2,10589,17142
[13:24:11-018699],10754,110,10755,10754,2,10589,17372
[13:24:18-512567],10754,100,10755,10754,1,10589,17574
[13:24:23-841891],10754,43,10755,10754,1,10589,17496
[13:24:23-843550],10754,3,10755,10754,1,10589,17493
[13:24:23-843894],10754,1,10755,10754,1,10589,17492
[13:24:23-848561],10754,157,10755,10753,1,10589,17332
[13:24:26-263610],10754,5,10755,10754,2,10589,17362
[13:24:26-265184],10754,4,10755,10754,1,10589,17358
[13:24:26-267159],10754,3,10755,10754,1,10589,17355
[13:24:26-267558],10754,2,10755,10754,1,10589,17353
[13:24:26-269001],10754,1,10755,10754,1,10589,17352
[13:24:27-458694],10754,20,10754,10753,1,10614,17332
[13:24:42-033018],10754,13,10754,10753,2,10626,17487
[13:24:55-716180],10754,10,10754,10753,2,10663,17498
[13:25:00-679556],10754,87,10755,10754,2,10589,17511
[13:25:00-684161],10754,3,10755,10754,1,10589,17508
[13:25:04-595767],10754,10,10755,10754,1,10589,17501
[13:25:11-196156],10755,5,10755,10754,2,10584,17715
[13:25:12-824321],10754,10,10755,10754,1,10584,17705
[13:25:17-599339],10754,52,10754,10753,1,10632,17689
[13:25:19-746451],10754,51,10755,10754,2,10584,17711
[13:26:21-428103],10754,76,10755,10754,1,10621,17699
[13:26:21-451866],10754,3,10755,10753,1,10621,17696
[13:26:24-548196],10754,5,10754,10753,2,10671,17699
[13:26:33-416456],10754,5,10754,10753,2,10670,17701
[13:29:16-420526],10754,3,10754,10753,2,10985,17922
[13:29:16-423833],10754,6,10754,10753,2,10979,17922
[13:29:16-641004],10754,6,10754,10753,2,10970,17922
[13:29:17-102390],10754,441,10755,10754,2,10529,17981
[13:30:12-909954],10754,1,10755,10754,1,9360,18711
[13:30:32-109269],10754,1,10755,10754,1,9862,18722
[13:30:34-375319],10755,1,10755,10754,2,9851,18719
[13:30:34-688696],10755,2,10755,10754,2,9849,18719
[13:30:37-973341],10755,10,10755,10754,2,9889,18719
[13:31:40-230574],10755,100,10755,10754,2,9889,18925
[13:33:14-970175],10755,390,10756,10755,2,10443,18695
[13:33:20-141970],10756,1,10756,10755,2,10515,18694
[13:33:20-694233],10756,1,10756,10755,2,10514,18694
[13:33:33-208803],10755,100,10756,10755,1,11313,18896
[13:33:44-509704],10756,500,10756,10755,2,10803,18768
[13:33:44-521106],10756,62,10756,10755,2,10630,18847
[13:33:44-527474],10756,270,10757,10756,2,10360,18917
[13:33:50-878463],10756,40,10757,10756,1,10360,18887
[13:33:50-880437],10756,77,10757,10756,1,10360,18807
[13:33:51-732520],10756,96,10757,10756,1,10360,18712
[13:33:51-741452],10756,2,10756,10755,1,10365,18709
[13:33:52-370658],10756,9,10756,10755,2,10456,18709
[13:34:10-389924],10756,26,10756,10755,2,10458,18759
[13:34:30-131366],10756,5,10756,10755,2,11524,18016
[13:35:20-013511],10755,1,10756,10755,1,11676,18027
[13:35:46-942370],10756,5,10756,10755,2,11681,17954
[13:37:57-729436],10756,1,10756,10755,2,12047,17706
[13:37:59-733935],10755,70,10756,10755,1,12047,17586
[13:38:01-094273],10755,1,10756,10755,1,12047,17585
[13:38:24-561770],10755,50,10756,10755,1,12067,17355
[13:38:24-563537],10755,2,10756,10755,1,12067,17353
[13:38:25-799991],10755,100,10756,10755,1,12067,17253
[13:38:25-801662],10755,4,10756,10755,1,12067,17249
[13:38:25-802024],10755,6,10756,10755,1,12067,17243
[13:38:25-803445],10755,105,10756,10755,1,12067,17138
[13:38:25-804914],10755,3,10756,10755,1,12067,17135
[13:38:25-806197],10755,6,10756,10755,1,12067,17129
[13:38:25-807741],10755,15,10756,10755,1,12067,17114
[13:38:25-809157],10755,29,10756,10755,1,12067,17085
[13:38:25-810551],10755,9,10756,10755,1,12067,17076
[13:38:25-811999],10755,25,10756,10755,1,12067,17051
[13:38:25-813266],10755,2,,,1,,
[13:38:25-900886],10755,4,10755,10754,2,12374,17043
[13:38:34-434148],10754,1,10755,10754,1,12527,16770
[13:39:46-899610],10754,2,10755,10754,1,12496,16906
[13:40:05-178450],10754,642,10754,10753,1,12554,16226
[13:40:05-199965],10754,58,10754,10753,2,12613,16226
[13:40:05-201115],10754,6,10755,10754,2,12607,16229
[13:40:21-227800],10754,50,10755,10754,1,12071,16757
[13:40:51-528488],10754,184,10754,10753,1,12087,16440
[13:40:51-533685],10754,16,10754,10753,2,12092,16440
[13:40:51-541404],10754,1,10755,10754,2,12091,16446
[13:40:51-549207],10755,1,10755,10754,2,12090,16446
[13:40:54-388411],10754,74,10754,10753,2,12116,16440
[13:40:54-390235],10754,1,10754,10753,2,12115,16440
[13:40:54-390580],10754,2,10754,10753,2,12113,16440
[13:40:54-391778],10754,23,,,2,,
[13:41:08-673694],10754,6,10755,10753,1,12180,16490
[13:41:08-678076],10754,1,10754,10753,2,12186,16490
[13:41:10-247137],10754,1,10755,10754,1,12180,16550
[13:42:07-542414],10755,1,10755,10754,2,12223,16586
[13:42:25-171607],10754,50,10755,10754,1,12103,16746
[13:42:27-097854],10754,50,10755,10754,1,11962,16754
[13:42:52-700892],10755,10,10755,10754,2,11648,17009
[13:42:52-702894],10755,5,10755,10754,2,11643,17009
[13:43:10-095823],10754,287,10754,10753,1,11798,16574
[13:43:10-098407],10754,2,10754,10753,2,11796,16574
[13:43:10-103492],10754,1,10754,10753,2,11814,16574
[13:43:10-104678],10754,1,10754,10753,2,11813,16574
[13:43:10-109565],10754,9,10755,10754,2,11804,16575
[13:43:11-047407],10754,1,10755,10753,1,11801,16574
[13:43:11-048927],10754,2,10755,10754,2,11801,16575
[13:43:15-449438],10754,2,10755,10754,1,11799,16528
[13:43:15-451190],10754,2,10755,10754,1,11799,16526
[13:43:38-526163],10754,8,10755,10754,1,11499,16575
[13:43:38-527373],10754,17,10755,10754,1,11499,16558
[13:43:38-530168],10754,7,10755,10754,1,11499,16551
[13:43:38-535153],10754,1,10755,10754,1,11499,16550
[13:43:38-537882],10754,21,,,1,,
[13:44:10-017141],10754,5,10754,10753,2,11782,16549
[13:44:11-001028],10754,4,10754,10753,2,11703,16549
[13:44:11-004866],10754,2,10754,10753,2,11701,16549
[13:44:11-009569],10754,1,10754,10753,2,11700,16549
[13:44:11-011023],10754,1,10754,10753,2,11699,16549
[13:44:11-015960],10754,20,10754,10753,2,11678,16549
[13:44:11-017190],10754,1,10754,10753,2,11677,16549
[13:44:11-018366],10754,33,,,2,,
[13:44:14-183157],10754,7,10755,10753,1,11644,16549
[13:44:20-922033],10754,1,10754,10753,2,11643,16549
[13:44:20-983891],10754,1,10754,10753,2,11642,16549
[13:44:21-115862],10754,1,10754,10753,2,11641,16549
[13:44:28-536449],10754,23,10755,10754,2,11619,16550
[13:44:28-539474],10754,7,10755,10753,1,11619,16543
[13:44:43-264219],10754,13,10755,10754,1,11624,16551
[13:44:43-264507],10754,12,10755,10754,1,11624,16539
[13:44:43-265824],10754,18,10755,10754,1,11624,16521
[13:44:43-267332],10754,6,10755,10754,1,11624,16515
[13:44:43-269575],10754,2,,,1,,
[13:44:44-625457],10754,1,10755,10754,2,11624,16557
[13:44:53-454115],10754,2,10755,10754,1,11524,16532
[13:44:53-455682],10754,6,10755,10754,1,11524,16526
[13:44:53-455825],10754,8,,,1,,
[13:44:56-737698],10754,16,10754,10753,1,11583,16518
[13:45:09-076049],10754,16,10754,10753,2,11571,16773
[13:46:32-284465],10754,2,10754,10753,2,11927,16450
[13:47:10-449690],10754,30,10754,10753,2,11907,16450
[13:47:10-452151],10754,96,10754,10753,2,11811,16450
[13:47:10-453964],10754,2,10754,10753,2,11809,16450
[13:47:10-454407],10754,82,10754,10753,2,11727,16450
[13:47:10-455669],10754,2,10754,10753,2,11725,16450
[13:47:10-456933],10754,1,,,2,,
[13:47:38-295603],10755,5,10755,10754,2,11669,16738
[13:48:20-664289],10755,10,10755,10754,2,11494,16992
[13:48:47-594037],10755,228,10756,10755,2,10966,17114
[13:48:49-420686],10755,79,10755,10754,1,10971,17046
[13:48:49-424659],10755,5,10756,10754,2,10966,17046
[13:48:59-568390],10755,12,10756,10755,1,11056,17164
[13:48:59-580958],10755,10,10756,10755,1,11056,17154
[13:48:59-582812],10755,100,10756,10755,1,11056,17054
[13:48:59-583922],10755,2,10756,10755,1,11056,17052
[13:48:59-589481],10755,132,10755,10754,1,11058,16920
[13:49:30-357088],10755,65,10755,10754,2,11065,17094
[13:49:30-358972],10755,7,10755,10754,2,11058,17094
[13:49:30-359331],10755,5,10756,10755,2,11053,17101
[13:49:39-208039],10756,1,10756,10755,2,11052,17088
[13:50:00-822641],10755,1,10756,10755,1,11052,17401
[13:50:00-826340],10755,1,10756,10755,1,11052,17400
[13:50:01-162456],10755,1,10756,10755,1,11052,17399
[13:50:01-164896],10755,96,10756,10755,1,11052,17303
[13:50:01-166691],10755,6,10756,10755,1,11052,17297
[13:50:01-167171],10755,4,10756,10755,1,11052,17293
[13:50:01-169504],10755,10,10756,10755,1,11052,17283
[13:50:01-170981],10755,1,10756,10754,1,11052,17282
[13:50:03-734892],10755,1,,,2,,
[13:50:04-756694],10755,1,10756,10754,1,11052,17307
[13:50:05-291140],10755,1,10756,10754,2,11052,17332
[13:50:10-072858],10755,10,10755,10754,2,11159,17227
[13:50:39-041786],10755,6,10755,10754,2,11234,17233
[13:50:39-044344],10755,6,10755,10754,2,11228,17233
[13:50:39-047114],10755,100,10755,10754,2,11128,17233
[13:50:39-049610],10755,7,10755,10754,2,11121,17233
[13:50:39-051921],10755,1,10755,10754,2,11120,17233
[13:50:39-053224],10755,50,10755,10754,2,11070,17233
[13:50:39-054615],10755,18,10756,10755,2,11052,17238
[13:50:44-270141],10755,2,10755,10754,1,11100,17228
[13:50:44-271883],10755,2,10755,10754,2,11098,17228
[13:50:44-273647],10755,3,10755,10754,2,11095,17228
[13:50:44-273968],10755,34,10755,10754,2,11061,17228
[13:50:44-275473],10755,1,10755,10754,2,11060,17228
[13:50:44-276825],10755,4,10755,10754,2,11056,17228
[13:50:44-278331],10755,1,10755,10754,2,11055,17228
[13:50:44-279595],10755,3,,,2,,
[13:52:32-119212],10755,96,10755,10754,2,11236,18504
[13:52:32-120135],10755,6,10755,10754,2,11230,18504
[13:52:32-123918],10755,6,10755,10754,2,11224,18504
[13:52:32-125088],10755,2,10755,10754,2,11222,18504
[13:52:32-126258],10755,6,10755,10754,2,11216,18504
[13:52:32-127581],10755,7,10755,10754,2,11209,18504
[13:52:32-128695],10755,57,,,2,,
[13:52:32-627900],10755,2,10755,10754,1,11154,18499
[13:52:41-378462],10755,5,10756,10755,1,11152,18596
[13:53:13-873812],10755,68,10756,10755,1,11152,17336
[13:53:13-875012],10755,1,10756,10755,1,11152,17335
[13:53:13-879986],10755,6,10756,10755,1,11152,17329
[13:53:13-882290],10755,3,,,1,,
[13:53:14-001468],10755,4,10755,10754,2,11160,17326
[13:53:14-791446],10755,8,10756,10755,2,11152,17323
[13:53:14-794174],10755,1,10756,10755,1,11152,17322
[13:53:14-797845],10755,91,10755,10754,1,11153,17231
[13:54:49-321371],10755,2,10755,10754,2,11298,17231
[13:54:49-322287],10755,1,10755,10754,2,11297,17231
[13:54:49-476057],10755,55,10756,10754,2,11242,17231
[13:55:03-707148],10755,2,10755,10754,1,11244,17230
[13:55:06-649802],10755,4,10756,10755,2,11242,17236
[13:55:06-651253],10755,6,10755,10754,1,11245,17230
[13:55:17-891791],10755,1,10755,10754,2,11243,17231
[13:55:18-654371],10755,1,10756,10754,1,11242,17230
[13:55:27-434196],10755,1,10756,10755,2,11242,17309
[13:55:27-437960],10755,1,10756,10755,1,11242,17308
[13:55:27-444149],10755,1,10756,10755,1,11242,17308
[13:55:55-788367],10755,3,10756,10755,1,11178,17588
[13:55:57-076688],10756,5,10756,10755,2,11173,17638
[13:58:23-571588],10756,50,10756,10755,2,10931,18352
[14:00:31-706973],10755,10,10756,10755,1,11031,17991
[14:00:39-722474],10755,100,10756,10755,1,11067,17896
[14:00:40-530959],10755,150,10756,10755,1,11067,17746
[14:00:40-532339],10755,1,10756,10755,1,11067,17745
[14:00:40-532719],10755,12,10756,10755,1,11067,17733
[14:00:40-535143],10755,2,10756,10755,1,11067,17731
[14:00:40-536556],10755,64,10756,10755,1,11067,17667
[14:00:40-537887],10755,70,,,1,,
[14:00:41-162820],10755,1,10755,10754,2,11149,17597
[14:00:41-447006],10755,1,10755,10754,2,11148,17597
[14:00:41-732760],10755,1,10755,10754,2,11146,17597
[14:00:42-300793],10755,2,10755,10754,2,11204,17597
[14:04:14-451405],10754,95,10755,10754,1,11570,17473
[14:05:00-946228],10755,7,10755,10754,2,11618,17445
[14:05:00-954871],10755,6,10755,10754,2,11612,17478
[14:05:00-962454],10755,12,10755,10754,2,11597,17478
[14:05:00-963761],10755,4,10755,10754,2,11593,17478
[14:05:01-242369],10755,6,10755,10754,2,11587,17478
[14:05:01-244696],10755,6,10755,10754,2,11581,17478
[14:05:01-255405],10755,70,10755,10754,2,11511,17478
[14:05:01-261458],10755,6,10755,10754,2,11505,17478
[14:05:01-262839],10755,50,10755,10754,2,11455,17478
[14:05:01-264379],10755,2,10755,10754,2,11453,17478
[14:05:01-265292],10755,1,10755,10754,2,11452,17478
[14:05:11-475120],10755,12,10755,10754,2,11373,17489
[14:05:11-789391],10755,4,10755,10754,2,11269,17488
[14:05:12-655271],10755,1,10755,10754,2,11268,17488
[14:05:17-455678],10755,100,10755,10754,2,11188,17498
[14:05:17-458409],10755,168,10755,10754,2,11020,17498
[14:05:17-460567],10755,20,10755,10754,2,11000,17498
[14:05:17-461186],10755,8,10755,10754,2,10992,17498
[14:05:17-462595],10755,2,10756,10754,2,10990,17498
[14:05:26-095480],10755,6,10756,10755,1,10940,17699
[14:05:26-099362],10755,4,10756,10755,1,10940,17695
[14:05:26-101696],10755,1,10756,10755,1,10940,17694
[14:05:26-104280],10755,100,10756,10755,1,10940,17594
[14:05:26-110488],10755,2,10756,10755,1,10940,17592
[14:05:26-114021],10755,74,,,1,,
[14:05:32-272655],10755,4,10755,10754,1,11036,17497
[14:05:45-281256],10755,2,10755,10754,2,11034,17497
[14:05:46-362964],10755,2,10755,10754,2,11032,17497
[14:05:46-366340],10755,92,,,2,,
[14:05:46-575375],10755,3,10755,10754,1,11002,17497
[14:05:51-636721],10755,20,10755,10754,2,10942,17469
[14:05:51-643675],10755,1,10755,10754,2,10941,17469
[14:05:51-644712],10755,41,,,2,,
[14:05:54-923415],10756,1,10756,10755,2,10899,17531
[14:06:21-266310],10755,1,10756,10755,1,11042,17497
[14:06:21-539596],10755,55,10756,10755,1,11042,17442
[14:06:21-542797],10755,2,10756,10755,1,11042,17440
[14:06:21-546452],10755,1,10756,10755,1,11042,17439
[14:06:21-547687],10755,120,10755,10754,1,11045,17319
[14:06:25-544301],10755,1,10756,10755,1,11042,17322
[14:06:25-546338],10755,3,10756,10754,1,11042,17319
[14:06:29-190633],10755,1,10755,10754,2,11081,17330
[14:06:30-266695],10755,2,10755,10754,2,11079,17330
[14:06:32-397661],10755,2,10755,10754,2,11077,17380
[14:06:32-547596],10755,2,10755,10754,2,11075,17380
[14:06:32-810720],10755,2,10755,10754,2,11073,17380
[14:06:32-812557],10755,31,10756,10754,2,11042,17380
[14:06:34-067518],10755,2,10756,10755,1,11042,17376
[14:06:34-072473],10755,1,10756,10754,1,11042,17375
[14:06:35-535780],10755,5,,,2,,
[14:06:36-613190],10755,1,10755,10754,2,11059,17425
[14:06:37-240348],10755,5,10755,10754,2,11054,17425
[14:06:37-241960],10755,12,10756,10754,2,11042,17425
[14:06:49-260455],10756,1,10756,10755,2,10934,17482
[14:07:05-942090],10755,1,10756,10755,1,10934,17662
[14:08:32-785085],10755,180,10756,10754,1,11203,17489
[14:08:39-336594],10755,1,10756,10754,2,10948,17489
[14:08:44-751559],10755,1,10756,10754,1,10948,17489
[14:09:01-099594],10755,1,10756,10755,2,10981,17490
[14:09:08-201684],10755,1,10756,10754,1,10981,17489
[14:12:04-802945],10754,5,10755,10754,1,11432,17403
[14:12:11-821266],10754,100,10755,10754,1,11432,17303
[14:12:11-824176],10754,12,10755,10754,1,11432,17291
[14:12:11-827819],10754,64,10755,10754,1,11454,17227
[14:12:11-829064],10754,3,10755,10754,1,11454,17224
[14:12:11-832871],10754,29,10755,10754,1,11454,17195
[14:12:11-833986],10754,2,10755,10754,1,11454,17193
[14:12:11-835289],10754,2,10755,10754,1,11454,17191
[14:12:11-837778],10754,84,10755,10754,1,11454,17107
[14:12:31-761480],10754,100,10755,10754,1,11504,16931
[14:12:31-776343],10754,1,10755,10754,1,11504,16930
[14:12:31-781393],10754,25,10755,10754,1,11504,16905
[14:12:31-782487],10754,161,,,1,,
[14:13:01-125807],10754,1,10754,10753,2,11753,16634
[14:13:01-128307],10754,1,10754,10753,2,11752,16634
[14:13:01-129519],10754,1,10754,10753,2,11751,16634
[14:13:01-381285],10754,1,10754,10753,2,11750,16634
[14:13:06-035253],10754,10,10754,10753,2,11760,16634
[14:14:11-707668],10754,3,10754,10753,2,11762,16584
[14:14:11-710375],10754,11,10754,10753,2,11751,16584
[14:14:11-711403],10754,3,10754,10753,2,11748,16584
[14:14:11-713886],10754,1,10754,10753,2,11747,16584
[14:14:11-715164],10754,2,10754,10753,2,11745,16584
[14:14:11-716418],10754,100,10754,10753,2,11645,16584
[14:14:11-717681],10754,1,10754,10753,2,11644,16584
[14:14:11-720421],10754,8,10754,10753,2,11636,16584
[14:14:20-291781],10754,1,10754,10753,2,11635,16589
[14:14:20-300500],10754,1,10754,10753,2,11634,16589
[14:14:20-303023],10754,4,10754,10753,2,11630,16589
[14:14:20-304241],10754,2,10754,10753,2,11628,16589
[14:14:21-380334],10754,20,10754,10753,2,11608,16589
[14:14:22-304770],10754,40,10754,10753,2,11568,16589
[14:14:22-754022],10754,1,10755,10754,2,11567,16638
[14:14:54-108778],10754,50,10755,10754,1,11636,16799
[14:15:02-740903],10755,1,10755,10754,2,11635,16747
[14:18:17-566780],10755,1,10755,10754,2,11460,17195
[14:19:08-743386],10754,20,10755,10754,1,11460,17115
[14:19:46-899893],10754,45,10755,10754,1,11510,16954
[14:19:47-522587],10754,45,10755,10754,1,11510,16909
[14:20:22-968402],10754,2,10755,10754,1,11678,16898
[14:20:22-974576],10754,10,10755,10754,1,11678,16888
[14:20:22-977303],10754,6,10755,10754,1,11678,16882
[14:20:22-978392],10754,1,10755,10754,1,11678,16881
[14:20:22-980887],10754,6,10755,10754,1,11678,16875
[14:20:22-988356],10754,50,10755,10754,1,11678,16825
[14:20:22-992080],10754,15,10755,10754,1,11678,16810
[14:20:23-002066],10754,104,10755,10754,1,11678,16706
[14:20:23-005824],10754,1,10755,10754,1,11678,16705
[14:20:23-007172],10754,8,10755,10754,1,11678,16697
[14:20:23-010818],10754,3,10755,10754,1,11678,16694
[14:20:23-014636],10754,100,10755,10754,1,11678,16594
[14:20:23-017260],10754,2,10755,10754,1,11678,16592
[14:20:23-018682],10754,1,10755,10754,1,11678,16591
[14:20:23-022130],10754,10,10755,10754,1,11678,16581
[14:20:23-023585],10754,10,10755,10754,1,11678,16571
[14:20:23-039564],10754,5,,,1,,
[14:20:23-057164],10754,3,10754,10753,2,11682,16566
[14:20:23-064646],10754,4,10755,10753,2,11678,16566
[14:20:23-068370],10754,3,10755,10753,1,11678,16566
[14:20:23-074592],10754,3,10755,10753,1,11678,16566
[14:20:23-102104],10754,3,10755,10753,1,11678,16566
[14:20:38-843693],10754,25,10754,10753,2,11853,16611
[14:20:38-847267],10754,159,10754,10753,2,11694,16611
[14:20:38-855777],10754,2,10754,10753,2,11692,16611
[14:20:38-860526],10754,9,10754,10753,2,11683,16611
[14:20:38-862038],10754,1,10754,10753,2,11682,16611
[14:20:38-871856],10754,6,10754,10753,2,11676,16611
[14:20:38-873423],10754,49,,,2,,
[14:20:42-921949],10754,50,10755,10754,1,11560,16566
[14:20:42-923595],10754,1,10755,10754,1,11560,16565
[14:20:42-923946],10754,49,10755,10754,1,11560,16516
[14:20:42-926421],10754,2,10755,10754,1,11560,16514
[14:20:42-929843],10754,8,10755,10753,1,11560,16506
[14:20:57-376051],10754,40,10754,10753,2,11653,16396
[14:21:01-964659],10754,40,10754,10753,2,11570,16546
[14:21:01-966464],10754,2,10754,10753,2,11568,16546
[14:21:01-970510],10754,2,10754,10753,2,11566,16546
[14:21:01-971711],10754,1,10754,10753,2,11565,16546
[14:21:01-973041],10754,1,10754,10753,2,11564,16546
[14:21:01-974325],10754,54,,,2,,
[14:21:09-164066],10754,2,10755,10754,1,11610,16500
[14:21:12-994677],10754,4,10755,10753,1,11660,16496
[14:21:41-308770],10753,45,10754,10753,1,12130,16253
[14:21:42-437990],10753,70,10754,10753,1,12050,16183
[14:21:43-580867],10753,45,10754,10753,1,12050,16088
[14:22:22-315515],10754,8,10754,10753,2,11852,16522
[14:22:22-317560],10754,2,10754,10753,2,11849,16522
[14:22:22-318805],10754,3,10754,10753,2,11846,16522
[14:22:22-320178],10754,46,10754,10753,2,11800,16522
[14:22:22-321677],10754,1,10754,10753,2,11799,16522
[14:22:22-323108],10754,1,10754,10753,2,11798,16522
[14:22:23-878186],10754,90,10754,10753,2,11708,16522
[14:22:23-880000],10754,1,10754,10753,2,11707,16522
[14:22:23-880384],10754,6,10754,10753,2,11701,16522
[14:22:29-445292],10754,45,10755,10754,2,11774,16577
[14:22:29-447073],10754,1,10755,10754,1,11774,16576
[14:22:29-447434],10754,6,10755,10754,1,11774,16570
[14:22:29-450910],10754,48,10754,10753,1,11781,16522
[14:22:39-060702],10754,100,10754,10753,2,11813,16492
[14:22:40-083878],10754,44,10755,10754,2,11769,16598
[14:22:53-370435],10754,100,10755,10754,1,11769,16499
[14:23:01-520189],10755,1,10755,10754,2,11778,16502
[14:23:01-696010],10755,1,10755,10754,2,11777,16502
[14:23:01-871884],10755,1,10755,10754,2,11776,16502
[14:23:43-947374],10754,10,10755,10754,1,11822,16352
[14:23:43-948229],10754,50,10755,10754,1,11822,16302
[14:23:43-950437],10754,10,,,1,,
[14:23:49-524568],10754,2,10754,10753,2,11871,16292
[14:25:23-903910],10754,1,10754,10753,2,11909,16449
[14:25:23-904249],10754,1,10754,10753,2,11908,16449
[14:25:23-908761],10754,34,10754,10753,2,11874,16449
[14:25:23-911559],10754,73,10755,10753,2,11801,16449
[14:25:25-573039],10754,4,10754,10753,1,11803,16449
[14:25:56-077015],10754,48,10755,10754,1,11801,16356
[14:25:56-078507],10754,64,10755,10753,1,11801,16292
[14:26:08-101672],10754,1,10755,10753,2,11801,16294
[14:26:09-201320],10754,1,10755,10753,1,11801,16294
[14:27:17-416824],10754,83,10755,10754,1,11821,16448
[14:28:36-259491],10755,17,10755,10754,2,11806,16662
[14:29:18-164659],10754,100,10755,10754,1,11768,16478
[14:30:52-323486],10754,3,10755,10754,1,11612,16559
[14:31:32-130044],10755,1,10755,10754,2,11611,16689
[14:31:38-257135],10755,1,10755,10754,2,11607,16699
[14:33:20-223271],10755,50,10755,10754,2,11660,16848
[14:33:20-227412],10755,6,10755,10754,2,11654,16848
[14:33:20-228897],10755,11,10755,10754,2,11643,16848
[14:33:20-243145],10755,2,10755,10754,2,11638,16848
[14:33:26-607906],10755,100,10755,10754,2,11538,16848
[14:33:26-609844],10755,3,10755,10754,2,11535,16859
[14:33:26-610775],10755,137,10755,10754,2,11398,16859
[14:33:26-612217],10755,10,10755,10754,2,11388,16859
[14:33:26-613678],10755,64,10755,10754,2,11324,16859
[14:33:26-616098],10755,6,10755,10754,2,11318,16868
[14:33:26-617409],10755,6,10755,10754,2,11312,16868
[14:33:26-618815],10755,50,10755,10754,2,11262,16868
[14:33:26-620419],10755,2,10755,10754,2,11260,16868
[14:33:26-621859],10755,2,10755,10754,2,11258,16868
[14:33:26-656992],10755,105,10755,10754,2,11153,16868
[14:33:26-658682],10755,1,10755,10754,2,11152,16868
[14:33:26-659017],10755,4,10755,10754,2,11148,16868
[14:33:26-660419],10755,5,10755,10754,2,11143,16868
[14:33:26-661698],10755,21,,,2,,
[14:33:37-234532],10756,1,10756,10755,2,11048,17138
[14:33:43-543063],10756,20,10756,10755,2,10928,17010
[14:33:54-764212],10755,1,10756,10755,1,11178,17088
[14:34:20-754522],10755,3,10756,10755,1,11261,17375
[14:34:20-760715],10755,11,10756,10755,1,11261,17364
[14:34:20-761772],10755,100,10756,10755,1,11261,17264
[14:34:20-762919],10755,2,10756,10755,1,11261,17262
[14:34:20-764444],10755,40,10756,10755,1,11261,17222
[14:34:20-766037],10755,9,10756,10755,1,11261,17213
[14:34:20-767141],10755,5,10756,10755,1,11261,17208
[14:34:20-769690],10755,3,10756,10755,1,11261,17205
[14:34:20-771101],10755,2,10756,10755,1,11261,17203
[14:34:20-773511],10755,111,10756,10755,1,11261,17092
[14:34:20-776402],10755,7,10756,10755,1,11261,17085
[14:34:20-777510],10755,1,10756,10755,1,11261,17084
[14:34:20-778898],10755,2,10756,10755,1,11261,17082
[14:34:20-780334],10755,133,10756,10755,1,11261,16949
[14:34:20-781768],10755,2,10755,10754,1,11298,16947
[14:35:01-337881],10755,100,10755,10754,2,11294,17048
[14:35:01-339565],10755,12,10755,10754,2,11282,17048
[14:35:01-339974],10755,1,10755,10754,2,11281,17048
[14:35:01-341403],10755,3,10755,10754,2,11278,17048
[14:35:01-342712],10755,2,10755,10754,2,11276,17048
[14:35:01-344159],10755,3,10755,10754,2,11273,17048
[14:35:01-345491],10755,17,,,2,,
[14:35:12-148544],10755,30,10756,10755,1,11178,17255
[14:35:22-668217],10755,17,10756,10755,1,11196,17488
[14:35:31-899179],10755,2,10756,10755,1,11301,17721
[14:36:24-264182],10755,2,10756,10755,1,11356,17618
[14:36:24-432284],10755,2,10756,10755,1,11356,17616
[14:36:25-035800],10755,126,10756,10755,1,11356,17490
[14:36:25-037712],10755,1,10756,10755,1,11356,17489
[14:36:25-039155],10755,13,10756,10755,1,11356,17476
[14:36:25-040668],10755,7,10756,10755,1,11356,17469
[14:36:25-043452],10755,3,10756,10755,1,11356,17466
[14:36:25-046440],10755,7,10756,10755,1,11356,17459
[14:36:25-049293],10755,1,10756,10755,1,11356,17458
[14:36:25-052692],10755,1,10756,10755,1,11356,17457
[14:36:25-054138],10755,1,10756,10755,1,11356,17456
[14:36:25-055681],10755,1,10756,10755,1,11356,17455
[14:36:25-060140],10755,39,10756,10755,1,11356,17416
[14:36:25-068672],10755,46,,,1,,
[14:36:32-079435],10755,1,10755,10754,2,11421,17370
[14:36:32-081425],10755,70,10756,10754,2,11351,17370
[14:36:38-176197],10755,3,10755,10754,1,11358,17370
[14:36:38-178057],10755,7,10756,10754,2,11351,17370
[14:37:00-357949],10755,2,10756,10755,2,11351,17566
[14:37:07-920387],10755,46,10755,10754,1,11305,17520
[14:37:23-004172],10755,1,10755,10754,2,11309,17620
[14:37:23-132471],10755,8,10756,10754,2,11301,17620
[14:38:51-591662],10755,10,10755,10754,2,12229,17490
[14:39:08-529018],10755,200,10755,10754,2,12028,17390
[14:39:40-745504],10755,50,10755,10754,2,12086,17397
[14:39:49-142800],10755,1,10755,10754,2,11482,17400
[14:39:49-143623],10755,22,10755,10754,2,11460,17400
[14:39:49-144628],10755,2,10755,10754,2,11458,17400
[14:39:49-146478],10755,1,10755,10754,2,11457,17400
[14:43:32-361330],10755,126,10755,10754,2,11439,17376
[14:43:32-937155],10755,45,10755,10754,2,11391,17376
[14:43:34-912151],10755,5,10755,10754,2,11386,17376
[14:43:35-623158],10755,28,10755,10754,2,11358,17376
[14:43:35-708714],10755,1,10755,10754,2,11357,17375
[14:44:04-041737],10755,5,10755,10754,2,11353,17349
[14:44:27-119650],10755,86,10756,10755,2,11267,17358
[14:44:27-122255],10755,3,10756,10755,1,11267,17355
[14:44:27-126108],10755,6,10756,10754,1,11267,17349
[14:44:28-583325],10755,2,10756,10755,2,11267,17397
[14:45:45-255225],10755,30,10756,10755,1,11307,17384
[14:46:01-207348],10755,34,10756,10754,1,11307,17350
[14:46:13-843314],10755,5,10755,10754,1,11392,17350
[14:46:32-053791],10754,1,10755,10754,1,11392,17249
[14:46:47-874658],10755,70,10755,10754,2,11322,17250
[14:46:47-876355],10755,2,10755,10754,2,11320,17250
[14:46:50-779764],10755,13,10756,10755,2,11307,17257
[14:46:58-084626],10755,1,10756,10755,1,11307,18256
[14:46:58-088526],10755,6,10756,10755,1,11307,18251
[14:47:32-325395],10755,200,10756,10755,1,11174,17780
[14:47:50-591682],10755,2,10756,10755,1,11306,17393
[14:47:50-592015],10755,1,10756,10755,1,11306,17392
[14:47:50-593445],10755,1,10756,10755,1,11306,17391
[14:47:50-594893],10755,4,10756,10755,1,11306,17387
[14:47:50-596342],10755,1,10756,10755,1,11306,17386
[14:47:50-597795],10755,3,10756,10755,1,11306,17383
[14:47:50-599178],10755,1,10756,10755,1,11306,17382
[14:47:51-708549],10755,10,10756,10755,1,11306,17372
[14:47:52-563424],10755,2,10756,10755,1,11306,17370
[14:48:16-929303],10756,1,10756,10755,2,11305,17321
[14:49:51-163531],10755,2,10756,10755,1,11355,17502
[14:50:31-645298],10756,1,10756,10755,2,11354,17554
[14:53:46-131566],10755,200,10756,10755,1,11222,17626
[14:53:46-135370],10755,1,10756,10755,1,11304,17625
[14:53:46-139093],10755,2,10756,10755,1,11304,17623
[14:53:46-141658],10755,2,10756,10755,1,11304,17621
[14:53:54-720378],10756,1,10756,10755,2,11353,17621
[14:54:04-010865],10755,12,10756,10755,1,11353,17609
[14:54:04-012153],10755,25,10756,10755,1,11353,17584
[14:54:04-014680],10755,8,10756,10755,1,11353,17576
[14:54:04-017176],10755,8,10756,10755,1,11353,17568
[14:54:04-018187],10755,2,,,1,,
[14:55:33-024763],10755,45,10755,10754,2,11368,17494
[14:55:33-026269],10755,5,10756,10754,2,11363,17494
[14:55:54-264248],10755,9,10755,10754,2,11404,17504
[14:55:54-265503],10755,9,10755,10754,2,11395,17504
[14:55:54-268412],10755,25,10755,10754,2,11370,17504
[14:55:54-269458],10755,5,10755,10754,2,11365,17504
[14:55:54-270434],10755,2,10756,10755,2,11363,17534
[14:55:59-356135],10755,20,10756,10755,2,11363,17534
[14:56:30-373397],10755,72,10756,10755,1,11363,17519
[14:56:54-449647],10755,50,10756,10755,1,11363,17510
[14:57:02-141326],10756,1,10756,10755,2,11362,17509
[14:57:30-333085],10755,45,,,1,,
[14:57:30-333542],10754,5,10756,10754,1,11362,17479
[14:57:30-338219],10755,1,10756,10754,2,11362,17479
[14:59:36-482239],10755,117,10755,10754,1,11445,17501
[15:00:21-011269],10755,30,10755,10754,2,11472,17499
[15:00:22-651022],10755,1,10755,10754,2,11468,17499
[15:00:22-653603],10755,86,10755,10754,2,11382,17499
[15:00:22-656118],10755,1,10755,10754,2,11381,17499
[15:00:22-659939],10755,1,10755,10754,2,11380,17499
[15:00:22-662353],10755,12,10755,10754,2,11368,17499
[15:00:22-663676],10755,7,10756,10755,2,11361,17513
[15:00:51-177739],10755,1,10756,10755,1,11361,17807
[15:01:52-920308],10755,50,10756,10755,1,11366,17714
[15:01:54-629621],10756,1,10756,10755,2,11365,17714
[15:01:57-482242],10755,50,10756,10755,1,11365,17664
[15:02:40-910387],10755,10,10756,10755,1,11365,17654
[15:02:47-910350],10755,70,10756,10755,1,11365,17584
[15:02:47-911992],10755,9,10756,10755,1,11365,17575
[15:02:47-913096],10755,1,10756,10755,1,11365,17574
[15:02:47-914565],10755,25,10756,10755,1,11365,17549
[15:02:47-917972],10755,1,10756,10755,1,11365,17548
[15:02:47-920331],10755,10,,,1,,
[15:03:21-472419],10755,1,10755,10754,2,11424,17538
[15:03:21-473777],10755,1,10755,10754,2,11423,17538
[15:03:21-474929],10755,2,10755,10754,2,11421,17538
[15:03:21-476324],10755,1,10755,10754,2,11420,17538
[15:03:28-558302],10755,50,10755,10754,2,11370,17538
[15:03:28-560020],10755,2,10755,10754,2,11368,17538
[15:03:28-562341],10755,3,10756,10754,2,11365,17538
[15:03:34-399078],10755,15,10756,10755,1,11365,17609
[15:03:34-402371],10755,2,10756,10755,1,11365,17606
[15:03:49-767401],10756,5,10756,10755,2,11360,17709
[15:06:28-247205],10755,2,10756,10755,1,11390,17871
[15:07:32-234966],10755,1,10756,10755,1,11390,17890
[15:08:11-327581],10756,1,10756,10755,2,11389,17848
[15:08:50-053640],10756,10,10756,10755,2,11379,17848
[15:09:17-297062],10755,13,10756,10755,1,11295,18120
[15:09:22-998827],10755,6,10756,10755,1,11295,18142
[15:09:28-474807],10756,100,10756,10755,2,11291,18042
[15:09:28-999093],10755,6,10756,10755,1,11285,18036
[15:09:34-030960],10756,2,10756,10755,2,11280,18056
[15:09:34-583984],10756,100,10756,10755,2,11180,17957
[15:09:34-722237],10756,150,10756,10755,2,11030,17981
[15:09:34-724222],10756,84,10756,10755,2,10946,17981
[15:09:34-726416],10756,4,10756,10755,2,10942,17981
[15:09:34-729082],10756,174,10756,10755,2,10768,17981
[15:09:34-736388],10756,6,10756,10755,2,10762,17981
[15:09:34-739214],10756,1,10756,10755,2,10761,17981
[15:09:34-740145],10756,1,10756,10755,2,10760,17981
[15:09:34-741362],10756,3,10756,10755,2,10757,17981
[15:09:34-746367],10756,2,10756,10755,2,10755,17981
[15:09:34-748895],10756,39,10756,10755,2,10716,17981
[15:09:34-757672],10756,45,10756,10755,2,10671,17981
[15:09:34-763718],10756,65,10756,10755,2,10606,17981
[15:09:34-765592],10756,2,10756,10755,2,10604,17981
[15:09:35-162477],10756,179,10757,10756,2,10425,18002
[15:09:48-541775],10757,1,10757,10756,2,9827,18693
[15:09:49-108457],10757,5,10757,10756,2,9822,18693
[15:10:31-226064],10757,100,10757,10756,2,7921,18774
[15:12:03-950671],10757,200,10757,10756,2,8235,20180
[15:12:05-227756],10757,50,10757,10756,2,8182,20180
[15:12:05-229385],10757,3,10757,10756,2,8179,20180
[15:12:05-796835],10757,28,10757,10756,2,8439,20177
[15:12:09-137811],10757,90,10757,10756,2,8528,20087
[15:12:11-365873],10757,10,10757,10756,2,8518,20087
[15:12:13-580775],10757,50,10757,10756,2,8468,20087
[15:12:14-358910],10757,200,10757,10756,2,8268,20087
[15:12:18-540624],10757,100,10757,10756,2,8246,20137
[15:12:19-380273],10757,50,10757,10756,2,8138,20153
[15:12:19-928832],10757,50,10758,10757,2,8088,20203
[15:12:19-937881],10757,54,10758,10757,1,7673,20034
[15:12:27-206599],10758,1,10758,10757,2,7791,20338
[15:13:05-755701],10757,50,10758,10757,1,8370,20164
[15:13:05-757466],10757,39,10758,10757,1,8370,20125
[15:13:05-759206],10757,111,10758,10757,1,8370,20014
[15:13:05-760317],10757,1,10758,10757,1,8370,20013
[15:13:05-761585],10757,18,10758,10757,1,8370,19995
[15:13:05-763162],10757,4,10758,10757,1,8370,19991
[15:13:05-765641],10757,3,10758,10757,1,8370,19988
[15:13:05-767060],10757,2,10758,10757,1,8370,19986
[15:13:05-769474],10757,29,10758,10757,1,8370,19957
[15:13:05-771967],10757,7,10758,10757,1,8370,19950
[15:13:05-773377],10757,2,10758,10757,1,8370,19948
[15:13:05-775691],10757,74,,,1,,
[15:13:06-430681],10757,1,10758,10757,2,8520,19881
[15:13:06-432193],10757,2,10758,10757,1,8520,19879
[15:13:06-433619],10757,5,10757,10756,1,8522,19874
[15:13:34-087670],10756,50,10757,10756,1,8997,19754
[15:14:15-254331],10756,2,10757,10756,1,9337,19514
[15:14:21-694907],10757,1,10757,10756,2,9346,19513
[15:14:45-033445],10757,15,10757,10756,2,9127,19452
[15:14:49-442341],10757,8,10757,10756,2,9065,19534
[15:14:49-443972],10757,5,10757,10756,2,9060,19534
[15:14:49-444323],10757,3,10757,10756,2,9057,19534
[15:14:52-649251],10757,100,10757,10756,2,8907,19537
[15:14:54-417764],10757,30,10757,10756,2,8827,19537
[15:14:54-419383],10757,2,10757,10756,2,8825,19537
[15:14:54-421406],10757,3,10757,10756,2,8822,19537
[15:14:54-604048],10756,8,10757,10756,1,8822,19526
[15:14:55-061159],10757,150,10757,10756,2,8772,19526
[15:14:55-062968],10757,1,10757,10756,2,8771,19526
[15:14:55-187398],10757,3,10757,10756,2,8768,19526
[15:14:56-238181],10757,1,10757,10756,2,8767,19526
[15:14:56-466760],10757,1,10757,10756,2,8766,19526
[15:14:56-651257],10757,1,10757,10756,2,8765,19576
[15:14:56-867494],10757,1,10757,10756,2,8764,19576
[15:14:57-940177],10757,81,10757,10756,2,8693,19576
[15:14:57-942683],10757,158,10757,10756,2,8535,19576
[15:14:57-943096],10757,1,10757,10756,2,8534,19576
[15:14:57-945915],10757,2,10757,10756,2,8532,19576
[15:14:57-948355],10757,1,10757,10756,2,8531,19576
[15:14:57-949614],10757,89,,,2,,
[15:14:59-250261],10757,9,10758,10757,1,8442,19581
[15:14:59-251406],10757,3,10758,10757,1,8442,19578
[15:14:59-252837],10757,2,10758,10756,1,8442,19576
[15:14:59-393068],10758,1,10758,10756,2,8441,19576
[15:15:00-068907],10758,1,10758,10757,2,8440,19577
[15:15:00-497995],10758,1,10758,10757,2,8439,19582
[15:15:01-224673],10758,1,10758,10757,2,8438,19582
[15:15:03-845505],10757,61,10758,10756,1,8338,19576
[15:15:22-241687],10757,300,10757,10756,2,8248,19759
[15:15:22-243655],10757,10,10758,10756,2,8238,19759
[15:15:26-946292],10758,1,10758,10757,2,8281,19592
[15:15:57-008195],10758,500,10758,10757,2,7372,19694
[15:15:57-888859],10758,2,10758,10757,2,7375,19774
[15:16:19-063163],10758,200,10758,10757,2,7515,19942
[15:16:25-261955],10758,10,10758,10757,2,7524,20016
[15:16:25-544780],10757,10,10758,10757,1,7524,20006
[15:16:25-568812],10757,180,10758,10757,1,7524,19826
[15:17:03-187023],10758,1,10758,10757,2,7664,19911
[15:18:01-820308],10758,100,10758,10757,2,8139,20019
[15:19:44-684522],10758,1,10758,10757,2,8201,19987
[15:20:01-954003],10758,100,10758,10757,2,8098,19987
[15:20:01-956278],10758,158,10758,10757,2,7940,19987
[15:20:01-959315],10758,6,10758,10757,2,7934,19987
[15:20:01-960526],10758,4,10758,10757,2,7930,19987
[15:20:01-961883],10758,3,10758,10757,2,7927,19987
[15:20:01-964396],10758,28,10758,10757,2,7899,19984
[15:20:02-488692],10758,100,10758,10757,2,7799,19984
[15:20:02-490327],10758,2,10758,10757,2,7797,19984
[15:20:02-490676],10758,8,10758,10757,2,7789,19984
[15:20:02-504962],10758,50,10758,10757,2,7739,19984
[15:20:02-506588],10758,2,10758,10757,2,7737,19984
[15:20:04-381941],10758,50,10758,10757,2,7787,19984
[15:20:06-716738],10758,20,10758,10757,2,7767,20045
[15:20:09-384329],10758,16,10758,10757,2,7751,20029
[15:20:10-241160],10758,24,10759,10758,2,7727,20055
[15:20:10-251613],10758,26,10759,10758,1,7808,19832
[15:20:10-254091],10758,6,10759,10757,1,7808,19826
[15:20:11-166345],10759,1,10759,10757,2,8307,19823
[15:20:11-213118],10758,1,10759,10757,1,8307,19823
[15:20:11-238615],10759,15,10759,10757,2,8292,19825
[15:20:11-243465],10758,1,10759,10758,1,8292,19839
[15:20:23-999998],10759,50,10759,10758,2,10192,20087
[15:20:42-597420],10759,1,10759,10758,2,10303,19991
[15:21:14-704438],10758,100,10759,10758,1,10375,20016
[15:21:14-706697],10758,20,10759,10758,1,10375,19996
[15:21:14-708202],10758,158,10759,10758,1,10375,19838
[15:21:14-710640],10758,4,10759,10758,1,10375,19834
[15:21:14-711997],10758,3,10759,10758,1,10375,19831
[15:21:14-713379],10758,20,10759,10758,1,10375,19811
[15:21:14-714742],10758,1,10759,10758,1,10375,19810
[15:21:14-716278],10758,1,10759,10758,1,10375,19809
[15:21:14-720679],10758,9,10758,10757,1,10376,19800
[15:21:18-441243],10758,51,10758,10757,2,10478,19800
[15:22:12-753491],10758,8,10758,10757,2,11855,19574
[15:22:13-110201],10758,8,10758,10757,2,11847,19563
[15:22:13-365030],10758,50,10758,10757,2,11797,19563
[15:22:13-366749],10758,2,10758,10757,2,11795,19563
[15:22:13-369424],10758,11,10759,10757,2,11784,19563
[15:22:14-321194],10758,3,10759,10758,1,11784,19760
[15:22:18-218312],10758,100,10759,10758,1,11784,19763
[15:22:24-021282],10758,98,10758,10757,1,11786,19563
[15:22:25-806151],10758,2,10759,10758,2,11784,19608
[15:22:25-822553],10758,11,10759,10758,1,11784,19598
[15:22:27-077999],10758,85,10758,10757,1,11799,19513
[15:22:27-418643],10758,6,10758,10757,2,11793,19513
[15:22:27-420354],10758,3,10758,10757,2,11790,19513
[15:22:27-421367],10758,1,10758,10757,2,11789,19513
[15:22:27-422825],10758,3,10758,10757,2,11786,19513
[15:22:27-424190],10758,2,,,2,,
[15:22:40-604559],10759,1,10759,10758,2,11783,19775
[15:23:59-050429],10758,100,10759,10758,1,11953,19900
[15:23:59-052283],10758,1,10759,10758,1,11953,19899
[15:24:05-945655],10758,5,10759,10758,1,11953,19893
[15:24:09-744498],10758,30,10759,10758,1,11953,19863
[15:24:09-746517],10758,1,10759,10758,1,11953,19862
[15:24:12-669900],10758,30,10759,10758,1,11953,19831
[15:24:12-671587],10758,8,10759,10758,1,11953,19823
[15:24:12-674289],10758,3,10759,10758,1,11953,19820
[15:24:12-674822],10758,2,10759,10758,1,11953,19818
[15:24:12-678212],10758,98,10758,10757,1,11958,19720
[15:24:15-239042],10758,1,10758,10757,2,11968,19720
[15:24:18-157186],10758,1,10758,10757,2,11967,19720
[15:24:59-547005],10757,50,10758,10757,1,12417,19559
[15:25:07-234154],10758,100,10758,10757,2,12365,19459
[15:26:16-299141],10758,45,10758,10757,2,12343,19546
[15:26:17-065716],10758,1,10758,10757,2,12297,19545
[15:26:59-599810],10758,47,10759,10758,2,12253,19548
[15:26:59-601534],10758,1,10759,10758,1,12253,19547
[15:26:59-610321],10758,1,10759,10758,1,12253,19444
[15:26:59-619087],10758,5,10759,10758,1,12253,19146
[15:26:59-620316],10758,3,10759,10758,1,12253,19143
[15:26:59-621595],10758,10,10759,10758,1,12253,19133
[15:26:59-622818],10758,15,10759,10758,1,12253,19118
[15:26:59-624193],10758,18,10759,10757,1,12253,19100
[15:27:20-632868],10759,1,10759,10758,2,12191,19139
[15:29:10-558578],10758,50,10759,10758,1,12091,19088
[15:29:11-500961],10758,50,10759,10757,1,12091,19038
[15:29:11-509198],10758,1,10759,10758,1,12091,19118
[15:29:23-690391],10758,2,10759,10758,1,12091,19077
[15:29:26-439819],10758,139,10758,10757,1,12252,18938
[15:29:28-228793],10758,10,10758,10757,2,12372,19006
[15:30:00-084701],10758,9,10758,10757,2,12463,19003
[15:30:14-491136],10758,1,10758,10757,2,12583,18971
[15:30:14-626885],10758,57,10758,10757,2,12526,18971
[15:30:14-631441],10758,10,10758,10757,2,12516,18971
[15:30:14-633968],10758,99,10758,10757,2,12417,18971
[15:30:14-968545],10758,100,10758,10757,2,12317,18893
[15:30:14-970377],10758,2,10758,10757,2,12315,18893
[15:30:14-970698],10758,1,10758,10757,2,12314,18893
[15:30:14-972392],10758,1,10758,10757,2,12313,18893
[15:30:15-082443],10758,25,10759,10758,2,12288,18918
[15:30:44-557318],10759,1,10759,10758,2,12197,19582
[15:32:29-280315],10759,20,10759,10758,2,11697,19989
[15:32:36-091935],10759,200,10759,10758,2,10997,20004
[15:32:37-326656],10759,45,10759,10758,2,10952,20004
[15:32:38-268979],10759,100,10759,10758,2,10852,20004
[15:32:38-372171],10759,100,10759,10758,2,10752,20004
[15:32:38-373987],10759,1,10759,10758,2,10751,20004
[15:32:39-209460],10759,1,10759,10758,2,10750,20003
[15:32:39-392014],10759,20,10759,10758,2,10730,19499
[15:32:40-079310],10759,10,10759,10758,2,10720,19499
[15:32:41-351875],10759,100,10759,10758,2,10620,19499
[15:32:42-843912],10759,100,10759,10758,2,10520,19499
[15:32:43-763931],10759,30,10759,10758,2,10490,19499
[15:32:46-129537],10759,50,10759,10758,2,10450,19549
[15:32:46-576257],10759,34,10760,10759,2,10416,19615
[15:32:47-781567],10759,50,10760,10759,1,9916,19516
[15:32:50-153540],10760,1,10760,10759,2,9915,19536
[15:32:52-691432],10759,50,10760,10759,1,9990,19486
[15:32:53-405602],10760,1,10760,10759,2,9989,19315
[15:32:53-719154],10760,1,10760,10759,2,9988,19315
[15:32:54-226813],10760,1,10760,10759,2,9987,19315
[15:33:00-904074],10760,200,10760,10759,2,8937,19641
[15:33:03-124596],10760,100,10760,10759,2,8837,19641
[15:33:32-607302],10759,105,10760,10759,1,9139,19958
[15:33:44-770344],10760,1,10760,10759,2,10398,19931
[15:33:52-146974],10759,20,10760,10759,1,10398,19711
[15:33:54-098266],10760,1,10760,10759,2,10397,19711
[15:33:57-157748],10760,2,10760,10759,2,10495,19511
[15:33:59-922926],10759,1,10760,10759,1,10495,19538
[15:34:02-566389],10760,1,10760,10759,2,10704,19546
[15:34:02-689024],10759,10,10760,10759,1,10794,19536
[15:34:02-803769],10760,1,10760,10759,2,10793,19536
[15:34:03-418205],10760,1,10760,10759,2,10792,19536
[15:34:03-640065],10760,1,10760,10759,2,10791,19536
[15:34:04-379396],10760,1,10760,10759,2,10790,19536
[15:34:04-898186],10760,1,10760,10759,2,10789,19536
[15:34:05-343704],10760,1,10760,10759,2,10788,19536
[15:34:06-025712],10760,1,10760,10759,2,10787,19536
[15:34:18-911380],10760,2,10760,10759,2,10885,19346
[15:34:33-659848],10759,10,10760,10759,1,11075,19336
[15:34:35-674445],10759,82,10760,10759,1,11075,19254
[15:34:36-968647],10759,100,10760,10759,1,11075,19154
[15:34:37-851576],10759,50,10760,10759,1,11075,19104
[15:34:47-125709],10759,100,10760,10759,1,10945,19004
[15:34:54-393140],10759,2,10760,10759,1,10955,18984
[15:34:58-673553],10759,100,10760,10759,1,10955,18634
[15:34:58-796113],10759,10,10760,10759,1,10955,18624
[15:34:58-809463],10759,10,10760,10759,1,10955,18614
[15:34:58-932177],10759,10,10760,10759,1,10955,18604
[15:34:59-068336],10759,10,10760,10759,1,10955,18594
[15:34:59-152456],10759,5,10759,10758,1,10950,18589
[15:34:59-927168],10759,6,10759,10758,2,10998,18589
[15:45:00-122043],10760,5266,,, ,,
